date,4 browsers,3 browsers,2 browsers,flaky in 1 browser,slow in 1 browser,timeout in 1 browser,disabled in 1 browser
2018-05-09,0,6,60,130,12,59,906
2018-05-11,0,6,60,130,12,59,908
2018-05-13,0,6,60,130,12,59,908
2018-05-15,0,6,60,125,13,59,904
2018-05-16,0,6,60,125,13,59,911
2018-05-17,0,5,58,126,13,59,913
2018-05-19,0,5,55,126,15,59,914
2018-05-20,0,5,54,127,15,58,906
2018-05-21,0,5,55,126,15,58,906
2018-05-22,0,3,57,128,15,58,906
2018-05-23,0,3,57,131,15,58,907
2018-05-24,0,3,57,131,15,58,906
2018-05-25,0,3,57,131,15,58,907
2018-05-26,0,3,57,131,15,57,906
2018-05-27,0,3,57,131,15,57,906
2018-05-28,0,3,57,130,15,57,906
2018-05-29,0,3,56,131,15,57,909
2018-05-30,0,3,56,133,15,55,909
2018-05-31,0,3,140,130,15,55,2298
2018-06-01,0,3,140,130,15,55,2298
2018-06-02,0,3,137,131,15,57,2301
2018-06-03,0,3,137,131,15,57,2301
2018-06-04,0,3,137,142,15,55,2301
2018-06-05,0,3,137,142,15,55,2302
2018-06-06,0,3,132,146,15,57,2303
2018-06-07,0,3,132,147,15,57,2303
2018-06-08,0,3,132,147,15,57,2306
2018-06-09,0,3,132,147,13,60,2305
2018-06-10,0,3,131,148,13,60,2304
2018-06-11,0,3,129,145,13,60,2305
2018-06-12,0,3,129,144,13,60,2314
2018-06-13,0,3,129,144,13,60,2314
2018-06-14,0,3,129,144,13,60,2313
2018-06-15,0,3,129,143,13,61,2310
2018-06-16,0,3,129,143,13,63,2310
2018-06-17,0,3,131,146,13,62,2309
2018-06-18,0,3,131,146,13,62,2311
2018-06-19,0,3,131,147,13,62,2311
2018-06-20,0,3,131,147,13,64,2311
2018-06-21,0,3,131,148,13,61,2311
2018-06-22,0,3,128,148,13,61,2316
2018-06-23,0,3,128,151,13,61,2317
2018-06-24,0,3,128,151,13,61,2317
2018-06-25,0,3,126,149,13,63,2319
2018-06-26,0,3,126,150,13,63,2345
2018-06-27,0,3,130,150,13,62,2386
2018-06-28,0,3,130,149,13,61,2387
2018-06-29,0,3,130,148,13,61,2387
2018-06-30,0,3,129,149,13,61,2387
2018-07-01,0,3,129,149,13,61,2387
2018-07-02,0,3,129,150,13,61,2387
2018-07-03,0,3,129,149,13,61,2387
2018-07-04,0,3,129,147,13,60,2401
2018-07-05,0,3,129,147,13,62,2403
2018-07-06,0,3,129,147,13,64,2400
2018-07-07,0,3,129,146,13,64,2407
2018-07-08,0,3,129,146,13,64,2407
2018-07-09,0,3,129,146,13,64,2407
2018-07-10,0,3,129,146,13,64,2405
2018-07-11,0,3,129,143,13,53,2404
2018-07-12,0,3,129,144,13,52,2404
2018-07-13,0,3,129,146,13,55,2401
2018-07-14,0,3,130,146,13,54,2402
2018-07-15,0,3,130,146,13,54,2402
2018-07-16,0,3,130,147,13,51,2402
2018-07-17,0,4,129,145,13,51,2402
2018-07-18,0,4,127,142,12,51,2411
2018-07-19,0,4,130,142,12,53,2408
2018-07-20,0,4,130,142,12,54,2398
2018-07-21,0,4,130,142,12,54,2398
2018-07-22,0,4,130,142,12,54,2399
2018-07-23,0,4,130,142,12,54,2399
2018-07-24,0,4,130,142,12,54,2399
2018-07-25,0,4,130,142,12,54,2399
2018-07-26,0,4,128,143,12,54,2397
2018-07-27,0,4,128,143,12,54,2397
2018-07-28,0,4,128,147,12,55,2396
2018-07-29,0,4,136,146,78,55,2388
2018-07-30,0,4,136,146,78,55,2388
2018-07-31,0,4,136,147,78,55,2389
2018-08-01,0,4,136,149,78,55,2389
2018-08-02,0,4,136,149,78,52,2389
2018-08-03,0,4,135,149,78,53,2390
2018-08-04,0,4,135,149,78,53,2391
2018-08-05,0,4,135,149,78,53,2391
2018-08-06,0,4,135,149,78,53,2391
2018-08-07,0,4,135,151,78,53,2396
2018-08-08,0,4,136,150,78,53,2394
2018-08-09,0,4,136,150,78,53,2395
2018-08-10,0,4,136,150,78,55,2395
2018-08-11,0,4,136,150,78,55,2395
2018-08-12,0,4,136,150,78,55,2396
2018-08-13,0,4,136,151,78,55,2398
2018-08-14,0,4,139,151,78,54,2405
2018-08-15,0,4,139,151,78,54,2405
2018-08-16,0,4,139,150,78,54,2406
2018-08-17,0,4,139,147,78,54,2406
2018-08-18,0,5,173,123,362,3,2375
2018-08-19,0,5,173,122,362,5,2375
2018-08-20,0,5,173,125,362,5,2375
2018-08-21,0,5,173,125,362,6,2375
2018-08-22,0,5,173,127,362,6,2373
2018-08-23,0,5,172,126,362,6,2373
2018-08-24,0,5,172,131,362,8,2375
2018-08-25,0,5,172,127,362,8,2393
2018-08-26,0,5,172,127,362,8,2392
2018-08-27,0,5,172,127,362,8,2392
2018-08-28,0,5,172,128,362,10,2394
2018-08-29,0,5,172,127,375,9,2394
2018-08-30,0,5,172,133,376,10,2396
2018-08-31,0,5,172,133,376,10,2383
2018-09-01,0,5,172,135,376,10,2378
2018-09-02,0,5,172,135,376,10,2378
2018-09-03,0,5,172,134,376,10,2378
2018-09-04,0,5,172,134,376,9,2379
2018-09-05,0,5,172,136,329,9,2379
2018-09-06,0,5,172,136,329,9,2373
2018-09-07,0,5,172,135,329,11,2381
2018-09-08,0,4,174,133,328,12,2386
2018-09-09,0,4,174,133,328,12,2386
2018-09-10,0,4,174,133,328,12,2386
2018-09-11,0,4,174,135,326,10,2387
2018-09-12,0,4,174,133,326,10,2387
2018-09-13,0,4,174,132,326,10,2389
2018-09-14,0,4,174,132,326,10,2388
2018-09-15,0,4,174,132,325,12,2386
2018-09-16,0,4,174,132,325,12,2386
2018-09-17,0,4,174,132,319,12,2392
2018-09-18,0,4,174,132,319,12,2392
2018-09-19,0,4,173,132,320,12,2391
2018-09-20,0,4,174,132,320,11,2391
2018-09-21,0,4,174,132,320,11,2391
2018-09-22,0,4,174,132,320,11,2391
2018-09-23,0,4,174,132,320,11,2391
2018-09-24,0,4,174,132,320,11,2399
2018-09-25,0,4,176,133,321,16,2404
2018-09-26,0,4,176,133,321,16,2402
2018-09-27,0,4,176,133,321,16,2402
2018-09-28,0,4,176,133,321,17,2402
2018-09-29,0,4,176,133,321,17,2406
2018-09-30,0,4,176,133,321,17,2406
2018-10-01,0,4,176,133,321,18,2406
2018-10-02,0,4,176,133,321,26,2406
2018-10-03,0,4,176,133,321,26,2403
2018-10-04,0,4,176,132,321,26,2402
2018-10-05,0,4,176,132,321,26,2402
2018-10-06,0,4,176,132,321,26,2403
2018-10-07,0,4,176,132,321,26,2403
2018-10-08,0,4,176,132,321,26,2403
2018-10-09,0,4,176,132,321,26,2403
2018-10-10,0,4,176,132,321,29,2403
2018-10-11,0,4,176,132,321,29,2403
2018-10-12,0,4,176,132,321,30,2406
2018-10-13,0,4,176,132,321,30,2412
2018-10-14,0,4,176,132,321,30,2412
2018-10-15,0,4,176,132,321,29,2412
2018-10-16,0,4,176,133,321,30,2416
2018-10-17,0,4,176,130,321,30,2421
2018-10-18,0,4,177,130,320,30,2422
2018-10-19,0,4,177,130,320,30,2422
2018-10-20,0,4,177,130,320,30,2422
2018-10-21,0,4,177,130,320,30,2422
2018-10-22,0,4,177,130,320,30,2422
2018-10-23,0,4,177,132,320,32,2422
2018-10-24,0,4,177,141,320,37,2422
2018-10-25,0,4,177,142,320,37,2422
2018-10-26,0,4,177,142,320,37,2422
2018-10-27,0,4,178,142,320,37,2421
2018-10-28,0,4,178,143,320,37,2421
2018-10-29,0,4,178,143,320,37,2422
2018-10-30,0,4,178,141,320,36,2423
2018-10-31,0,4,178,135,320,35,2425
2018-11-01,0,4,178,135,320,35,2425
2018-11-02,0,4,178,136,320,37,2427
2018-11-03,0,4,178,136,320,37,2427
2018-11-04,0,4,178,136,320,37,2427
2018-11-05,0,4,178,137,320,37,2427
2018-11-06,0,4,178,132,320,37,2428
2018-11-07,0,4,178,129,319,37,2428
2018-11-08,0,4,187,129,319,33,2427
2018-11-09,0,4,187,129,319,33,2428
2018-11-10,0,4,187,130,319,31,2427
2018-11-11,0,4,187,130,319,31,2427
2018-11-12,0,4,187,130,319,31,2428
2018-11-13,0,4,188,129,319,31,2428
2018-11-14,0,4,188,129,319,31,2428
2018-11-15,0,4,188,129,319,32,2429
2018-11-16,0,4,188,129,319,41,2416
2018-11-17,0,4,188,129,319,41,2416
2018-11-18,0,4,188,129,319,41,2416
2018-11-19,0,4,188,129,319,41,2416
2018-11-20,0,4,188,131,318,41,2413
2018-11-21,0,4,187,131,318,41,2415
2018-11-22,0,4,186,130,318,32,2417
2018-11-23,0,4,186,130,318,34,2417
2018-11-24,0,4,186,130,318,35,2417
2018-11-25,0,4,186,130,318,35,2417
2018-11-26,0,4,186,130,318,35,2416
2018-11-27,0,4,186,130,318,35,2417
2018-11-28,0,11,194,136,313,36,2451
2018-11-29,0,11,194,136,320,36,2452
2018-11-30,0,11,194,136,320,36,2452
2018-12-01,0,11,194,136,320,36,2456
2018-12-02,0,11,194,136,320,36,2456
2018-12-03,0,11,194,136,320,36,2456
2018-12-04,0,11,194,136,320,36,2458
2018-12-05,0,11,194,136,320,36,2458
2018-12-06,0,11,194,136,320,36,2458
2018-12-07,0,11,194,143,319,36,2459
2018-12-08,0,11,194,143,319,36,2460
2018-12-09,0,11,194,143,319,36,2460
2018-12-10,0,11,194,143,319,36,2460
2018-12-11,0,11,194,148,319,36,2461
2018-12-12,0,11,194,148,319,36,2459
2018-12-13,0,11,194,148,319,36,2459
2018-12-14,0,11,194,148,319,36,2459
2018-12-15,0,11,194,148,319,36,2462
2018-12-16,0,11,194,148,319,36,2462
2018-12-17,0,11,194,148,319,36,2460
2018-12-18,0,11,194,148,319,36,2460
2018-12-19,0,11,194,148,319,36,2460
2018-12-20,0,11,196,148,319,37,2459
2018-12-21,0,11,196,156,319,37,2459
2018-12-22,0,10,197,156,319,37,2459
2018-12-23,0,10,197,156,319,37,2460
2018-12-24,0,10,197,156,319,37,2460
2018-12-25,0,10,197,156,319,37,2460
2018-12-26,0,10,197,156,319,37,2464
2018-12-27,0,10,197,156,319,37,2464
2018-12-28,0,10,197,156,319,37,2464
2018-12-29,0,10,197,156,319,37,2465
2018-12-30,0,10,197,156,319,37,2465
2018-12-31,0,10,197,156,319,37,2465
2019-01-01,0,10,197,156,319,37,2465
2019-01-02,0,10,197,156,319,37,2465
2019-01-03,0,10,195,154,319,37,2454
2019-01-04,0,10,195,154,319,37,2455
2019-01-05,0,10,193,154,321,37,2455
2019-01-06,0,10,193,154,321,37,2455
2019-01-07,0,11,192,154,321,37,2455
2019-01-08,0,11,196,155,319,36,2459
2019-01-09,0,11,196,161,319,34,2460
2019-01-10,0,11,196,161,319,34,2459
2019-01-11,0,11,196,161,319,34,2458
2019-01-12,0,11,196,161,319,34,2458
2019-01-13,0,11,196,161,319,34,2458
2019-01-14,0,11,196,161,319,34,2458
2019-01-15,0,10,197,161,319,34,2461
2019-01-16,0,10,197,161,319,34,2469
2019-01-17,0,10,197,161,319,34,2470
2019-01-18,0,10,198,160,319,34,2469
2019-01-19,0,10,198,160,319,34,2468
2019-01-20,0,10,198,160,319,34,2468
2019-01-21,0,10,198,161,319,34,2468
2019-01-22,0,10,198,161,319,34,2468
2019-01-23,0,10,197,163,319,35,2471
2019-01-24,0,12,202,166,319,34,2496
2019-01-25,0,12,197,166,319,34,2498
2019-01-26,0,12,197,166,319,34,2498
2019-01-27,0,12,197,166,319,34,2498
2019-01-28,0,12,197,166,320,34,2498
2019-01-29,0,12,197,167,320,34,2497
2019-01-30,0,12,196,170,320,34,2500
2019-01-31,0,12,196,170,320,34,2503
2019-02-01,0,12,196,172,320,34,2504
2019-02-02,0,12,196,174,320,34,2504
2019-02-03,0,12,196,174,320,34,2504
2019-02-04,0,12,196,174,320,33,2505
2019-02-05,0,12,196,174,320,33,2505
2019-02-06,0,12,196,173,320,33,2506
2019-02-07,0,12,193,173,320,33,2489
2019-02-08,0,12,192,173,320,33,2492
2019-02-09,0,12,192,172,320,35,2498
2019-02-10,0,12,192,172,320,35,2498
2019-02-11,0,12,192,172,320,35,2498
2019-02-12,0,12,192,175,320,34,2494
2019-02-13,0,12,192,174,320,34,2498
2019-02-14,0,11,193,175,320,34,2498
2019-02-15,0,11,192,175,320,39,2495
2019-02-16,0,11,193,173,320,39,2493
2019-02-17,0,11,193,173,320,39,2493
2019-02-18,0,11,193,173,320,39,2493
2019-02-19,0,11,193,155,320,39,2493
2019-02-20,0,11,193,155,322,39,2493
2019-02-21,0,11,193,153,322,42,2497
2019-02-22,0,11,193,152,322,42,2497
2019-02-23,0,11,193,152,322,42,2497
2019-02-24,0,11,193,152,322,42,2497
2019-02-25,0,11,193,152,322,42,2498
2019-02-26,0,11,195,150,324,43,2495
2019-02-27,0,11,195,152,324,43,2494
2019-02-28,0,11,195,152,324,43,2494
2019-03-01,0,11,195,158,321,43,2496
2019-03-02,0,11,195,158,321,43,2496
2019-03-03,0,11,195,158,321,43,2496
2019-03-04,0,11,195,159,321,43,2496
2019-03-05,0,11,195,158,320,43,2524
2019-03-06,0,12,198,160,316,44,2573
2019-03-07,0,13,202,166,315,44,2602
2019-03-08,0,13,202,166,315,44,2603
2019-03-09,0,13,204,166,315,44,2600
2019-03-10,0,13,204,166,315,44,2599
2019-03-11,0,13,204,167,315,44,2600
2019-03-12,0,13,204,167,315,40,2600
2019-03-13,0,13,205,167,314,44,2601
2019-03-14,0,13,206,168,314,44,2604
2019-03-15,0,13,206,165,314,45,2604
2019-03-16,0,13,209,165,314,44,2605
2019-03-17,0,13,207,165,316,44,2604
2019-03-18,0,13,207,166,316,44,2604
2019-03-19,0,13,207,165,316,44,2608
2019-03-20,0,14,207,163,315,42,2608
2019-03-21,0,14,207,161,315,42,2608
2019-03-22,0,14,207,169,315,39,2609
2019-03-23,0,8,162,199,12,69,2656
2019-03-24,0,10,169,197,12,67,2655
2019-03-25,0,10,169,196,12,67,2657
2019-03-26,0,10,169,198,12,61,2660
2019-03-27,0,10,169,196,12,61,2660
2019-03-28,0,10,168,214,12,61,2661
2019-03-29,0,10,168,201,12,61,2660
2019-03-30,0,10,168,202,12,61,2671
2019-03-31,0,10,166,202,12,61,2673
2019-04-01,0,10,179,203,12,61,2660
2019-04-02,0,10,179,202,12,58,2661
2019-04-03,0,10,179,202,12,59,2662
2019-04-04,0,8,175,208,12,60,2662
2019-04-05,0,8,175,209,12,60,2714
2019-04-06,0,8,175,209,12,60,2714
2019-04-07,0,8,175,209,12,60,2714
2019-04-08,0,8,175,210,12,60,2715
2019-04-09,0,8,175,211,12,60,2715
2019-04-10,0,8,174,211,12,60,2722
2019-04-11,0,8,174,211,12,60,2722
2019-04-12,0,8,174,211,12,61,2722
2019-04-13,0,8,174,211,12,61,2722
2019-04-14,0,8,173,212,12,62,2722
2019-04-15,0,8,173,213,12,62,2722
2019-04-16,0,8,173,217,12,62,2728
2019-04-17,0,8,173,215,12,62,2728
2019-04-18,0,9,172,216,12,62,2729
2019-04-19,0,9,172,215,12,61,2729
2019-04-20,0,9,172,215,12,60,2728
2019-04-21,0,9,172,215,12,60,2728
2019-04-22,0,9,172,215,12,60,2727
2019-04-23,0,9,173,213,12,60,2721
2019-04-24,0,9,173,213,12,60,2721
2019-04-25,0,9,182,204,12,60,2722
2019-04-26,0,9,182,204,12,60,2723
2019-04-27,0,9,182,204,12,60,2723
2019-04-28,0,9,183,203,12,60,2724
2019-04-29,0,9,183,200,12,60,2724
2019-04-30,0,9,185,200,12,60,2731
2019-05-01,0,9,187,199,12,64,2776
2019-05-02,0,9,187,194,12,63,2780
2019-05-03,0,9,187,199,12,63,2776
2019-05-04,0,9,186,199,12,63,2777
2019-05-05,0,9,186,199,12,63,2777
2019-05-06,0,10,185,199,12,63,2778
2019-05-07,0,10,185,200,12,63,2779
2019-05-08,0,10,185,195,12,63,2779
2019-05-09,0,11,189,193,12,62,2788
2019-05-10,0,11,186,195,12,61,2806
2019-05-11,0,12,186,195,12,61,2809
2019-05-12,0,12,186,194,12,61,2811
2019-05-13,0,12,186,194,12,61,2811
2019-05-14,0,12,196,194,11,61,2806
2019-05-15,0,10,194,193,11,61,2823
2019-05-16,0,10,194,194,11,61,2831
2019-05-17,0,10,193,193,11,61,2831
2019-05-18,0,10,193,193,11,61,2831
2019-05-19,0,10,193,193,11,61,2831
2019-05-20,0,10,193,194,11,61,2831
2019-05-21,0,10,193,194,11,61,2832
2019-05-22,0,10,194,195,11,63,2836
2019-05-23,0,10,195,195,11,64,2848
2019-05-24,0,10,194,195,11,64,2849
2019-05-25,0,10,194,195,11,64,2848
2019-05-26,0,10,194,195,11,64,2848
2019-05-27,0,10,194,195,11,64,2848
2019-05-28,0,9,195,195,11,64,2848
2019-05-29,0,9,195,195,11,64,2848
2019-05-30,0,9,195,195,11,64,2848
2019-05-31,0,9,196,195,11,64,2847
2019-06-01,0,9,196,195,11,64,2847
2019-06-02,0,9,196,195,11,64,2847
2019-06-03,0,9,196,195,11,64,2847
2019-06-04,0,8,197,195,11,64,2847
2019-06-05,0,8,197,195,11,64,2840
2019-06-06,0,8,197,195,11,64,2840
2019-06-07,0,8,196,196,11,64,2839
2019-06-08,0,8,197,196,11,64,2840
2019-06-09,0,8,197,196,11,64,2840
2019-06-10,0,8,197,196,11,64,2840
2019-06-11,0,8,197,196,11,64,2840
2019-06-12,1,7,222,197,10,61,2952
2019-06-13,1,7,222,197,10,62,2950
2019-06-14,1,7,226,212,10,60,3022
2019-06-15,1,7,226,212,10,60,3032
2019-06-16,1,7,226,212,10,58,3032
2019-06-17,1,7,226,212,10,58,3027
2019-06-18,1,7,226,212,10,58,3027
2019-06-19,1,7,226,214,10,58,3028
2019-06-20,1,7,226,239,10,58,3028
2019-06-21,1,7,226,239,10,58,3044
2019-06-22,1,7,226,238,10,58,3046
2019-06-23,1,7,226,238,10,58,3056
2019-06-24,1,7,226,239,10,58,3056
2019-06-25,1,7,226,239,10,58,3056
2019-06-26,1,7,227,239,10,59,3069
2019-06-27,1,7,227,238,10,59,3077
2019-06-28,1,7,227,238,10,59,3077
2019-06-29,1,7,227,238,10,59,3079
2019-06-30,1,7,227,238,10,59,3079
2019-07-01,1,7,228,238,10,59,3078
2019-07-02,1,7,227,238,10,59,3081
2019-07-03,1,7,227,237,10,59,3085
2019-07-04,1,7,227,237,10,59,3058
2019-07-05,1,7,228,237,10,59,3057
2019-07-06,1,7,228,237,10,59,3058
2019-07-07,1,7,228,237,10,59,3058
2019-07-08,1,7,228,237,10,59,3058
2019-07-09,1,7,231,238,9,59,3054
2019-07-10,1,7,231,237,9,59,3060
2019-07-11,1,7,231,240,9,59,3062
2019-07-12,1,7,231,243,9,59,3062
2019-07-13,1,7,231,241,9,59,3062
2019-07-14,1,7,232,241,9,59,3061
2019-07-15,1,7,232,241,9,59,3061
2019-07-16,1,7,231,241,9,59,3064
2019-07-17,1,7,232,241,9,59,3014
2019-07-18,1,7,232,237,9,59,3014
2019-07-19,1,8,230,235,9,60,3015
2019-07-20,1,8,229,234,9,60,3017
2019-07-21,1,8,229,234,9,59,3017
2019-07-22,1,8,229,235,9,59,3017
2019-07-23,1,8,229,234,9,61,3012
2019-07-24,1,8,229,235,9,60,3011
2019-07-25,1,8,229,235,9,61,3016
2019-07-26,1,8,230,233,9,61,3017
2019-07-27,1,9,229,235,9,61,3019
2019-07-28,1,9,229,235,9,61,3020
2019-07-29,1,9,229,234,9,61,3021
2019-07-30,1,9,229,234,9,61,3021
2019-07-31,1,9,229,234,9,61,3021
2019-08-01,1,9,228,235,9,60,3022
2019-08-02,1,9,228,235,9,60,3022
2019-08-03,1,9,228,235,9,60,3022
2019-08-04,1,9,228,235,9,60,3022
2019-08-05,1,9,225,235,9,60,3017
2019-08-06,1,9,225,235,9,60,3017
2019-08-07,1,9,225,236,9,60,3019
2019-08-08,1,9,225,234,9,60,3037
2019-08-09,1,9,225,234,9,60,3037
2019-08-10,1,9,225,234,9,60,3037
2019-08-11,1,9,225,234,9,60,3036
2019-08-12,1,9,225,234,9,60,3038
2019-08-13,1,9,225,234,9,60,3037
2019-08-14,1,9,226,233,9,60,3036
2019-08-15,1,9,226,233,9,60,3034
2019-08-16,1,9,223,232,10,60,3036
2019-08-17,1,9,222,232,10,60,3038
2019-08-18,1,9,222,232,10,60,3038
2019-08-19,1,9,222,232,10,60,3037
2019-08-20,1,9,222,232,10,60,3042
2019-08-21,1,9,222,232,10,60,3042
2019-08-22,1,9,222,231,10,60,3043
2019-08-23,1,9,223,230,10,60,3040
2019-08-24,1,9,223,230,10,60,3040
2019-08-25,1,9,223,230,10,60,3040
2019-08-26,1,9,223,233,10,60,3040
2019-08-27,1,9,223,232,10,60,3042
2019-08-28,1,9,223,231,10,60,3042
2019-08-29,1,9,221,231,10,61,3042
2019-08-30,1,9,219,241,10,61,3044
2019-08-31,1,9,218,241,10,61,3045
2019-09-01,1,9,218,241,10,61,3045
2019-09-02,1,9,217,235,10,61,3046
2019-09-03,1,9,217,235,10,61,3046
2019-09-04,1,9,217,235,10,61,3043
2019-09-05,1,9,217,235,10,61,3043
2019-09-06,1,9,217,234,10,61,3043
2019-09-07,1,9,217,234,10,61,3043
2019-09-08,1,9,217,234,10,61,3043
2019-09-09,1,9,219,238,10,61,3044
2019-09-10,1,7,220,237,10,61,3038
2019-09-11,1,8,219,238,10,61,3039
2019-09-12,1,8,220,232,10,60,3034
2019-09-13,1,8,220,231,10,60,3038
2019-09-14,1,8,220,231,10,60,3037
2019-09-15,1,8,220,231,10,60,3036
2019-09-16,1,9,234,238,10,56,3052
2019-09-17,1,9,235,237,10,56,3052
2019-09-18,1,9,235,238,10,56,3052
2019-09-19,1,9,233,238,10,56,2754
2019-09-20,1,9,233,238,10,56,2754
2019-09-21,1,9,233,238,10,56,2754
2019-09-22,1,9,233,238,10,56,2754
2019-09-23,1,9,233,237,10,56,2754
2019-09-24,1,9,236,241,10,56,2929
2019-09-25,1,9,236,243,10,56,2933
2019-09-26,1,10,235,244,10,56,2933
2019-09-28,1,10,235,244,10,56,2933
2019-09-29,1,10,235,244,10,56,2933
2019-09-30,1,10,235,244,10,56,2933
2019-10-01,1,10,235,244,10,56,2942
2019-10-02,1,10,234,244,10,57,2943
2019-10-03,1,10,233,244,10,57,2945
2019-10-04,1,10,231,243,10,57,2950
2019-10-05,1,10,231,243,10,57,2950
2019-10-06,1,10,231,252,10,75,2950
2019-10-07,1,10,231,252,10,75,2950
2019-10-08,1,10,231,251,10,74,2953
2019-10-09,1,10,231,252,10,74,2953
2019-10-10,1,10,231,252,10,74,2953
2019-10-11,1,10,230,254,10,74,2954
2019-10-12,1,10,230,255,10,74,2954
2019-10-13,1,10,230,255,10,74,2956
2019-10-14,1,10,230,256,10,74,2974
2019-10-15,1,10,231,255,10,74,2973
2019-10-16,1,9,232,254,10,74,2974
2019-10-17,1,9,232,255,10,74,2975
2019-10-18,1,9,232,255,10,75,2975
2019-10-19,1,9,232,255,10,75,2971
2019-10-20,1,9,232,255,10,75,2971
2019-10-21,1,9,232,255,10,75,2971
2019-10-23,1,9,233,255,10,74,2972
2019-10-24,1,9,233,253,10,74,2976
2019-10-25,1,9,237,254,10,74,2975
2019-10-26,1,9,237,254,10,73,2976
2019-10-27,1,9,236,254,10,73,2976
2019-10-28,1,9,236,255,10,73,2976
2019-10-29,1,9,236,256,10,73,2977
2019-10-30,1,9,235,260,10,76,2833
2019-10-31,1,9,235,261,10,76,2834
2019-11-01,1,9,235,261,10,76,2834
2019-11-02,1,9,235,261,10,76,2832
2019-11-03,1,9,235,261,10,76,2832
2019-11-04,1,9,235,262,10,76,2832
2019-11-05,1,9,235,262,10,76,2833
2019-11-06,1,9,219,262,10,76,2849
2019-11-07,1,9,220,265,10,76,2847
2019-11-08,1,9,220,265,10,77,2847
2019-11-09,1,9,221,265,10,77,2846
2019-11-10,1,9,221,265,10,77,2846
2019-11-11,1,9,221,263,10,76,2847
2019-11-12,1,9,220,263,10,74,2847
2019-11-13,1,9,220,263,10,74,2842
2019-11-14,1,9,220,227,10,74,2842
2019-11-15,1,9,220,231,10,73,2834
2019-11-16,1,9,220,231,10,73,2827
2019-11-17,1,9,220,231,10,73,2827
2019-11-18,1,9,220,232,10,73,2827
2019-11-19,1,9,220,232,10,73,2827
2019-11-20,1,9,220,232,10,73,2827
2019-11-21,1,9,220,232,10,73,2827
2019-11-22,1,9,220,232,10,73,2842
2019-11-23,1,9,220,232,10,73,2842
2019-11-24,1,9,220,232,10,73,2842
2019-11-25,1,9,221,231,10,73,2842
2019-11-26,1,9,221,230,10,73,2842
2019-11-27,1,9,221,230,10,73,2842
2019-11-28,1,9,221,230,10,73,2842
2019-11-29,1,9,222,229,10,73,2842
2019-11-30,1,9,222,229,10,73,2840
2019-12-01,1,9,222,229,10,73,2839
2019-12-02,1,9,222,231,10,73,2839
2019-12-03,1,9,222,231,10,73,2839
2019-12-04,1,9,222,233,10,73,2839
2019-12-05,1,9,222,223,10,73,2838
2019-12-06,1,9,222,223,10,73,2838
2019-12-07,1,9,222,223,10,73,2838
2019-12-08,1,9,222,223,10,73,2838
2019-12-09,1,9,222,224,10,73,2845
2019-12-10,1,9,222,224,10,73,2845
2019-12-11,1,9,222,225,9,73,2845
2019-12-12,1,9,223,225,9,73,2850
2019-12-13,1,9,224,225,9,73,2866
2019-12-14,1,9,224,225,9,73,2868
2019-12-15,1,9,224,225,9,73,2868
2019-12-16,1,10,223,225,9,73,2875
2019-12-17,1,10,228,226,9,73,2881
2019-12-18,1,10,228,226,9,73,2880
2019-12-19,1,10,226,227,9,72,2874
2019-12-20,1,9,228,230,9,71,2885
2019-12-21,1,9,228,231,9,71,2877
2019-12-22,1,9,228,231,9,71,2878
2019-12-23,1,9,228,231,9,71,2881
2019-12-24,1,9,227,233,9,71,2882
2019-12-25,1,9,227,233,9,71,2882
2019-12-26,1,9,227,233,9,71,2882
2019-12-27,1,9,227,233,9,71,2882
2019-12-28,1,9,227,234,9,71,2882
2019-12-29,1,9,227,234,9,71,2882
2019-12-30,1,9,227,234,9,71,2882
2019-12-31,1,9,227,234,9,71,2882
2020-01-01,1,9,227,234,9,71,2882
2020-01-02,1,9,227,234,9,71,2882
2020-01-03,1,9,227,234,9,71,2881
2020-01-04,1,9,227,233,9,71,2883
2020-01-05,1,9,227,233,9,71,2883
2020-01-06,1,9,227,233,9,71,2882
2020-01-07,1,9,226,235,9,71,2884
2020-01-08,1,9,226,235,9,71,2886
2020-01-09,1,9,226,237,9,71,2888
2020-01-10,1,9,226,238,9,71,2888
2020-01-11,1,9,226,238,9,71,2891
2020-01-12,1,9,226,238,9,71,2890
2020-01-13,1,9,226,238,9,71,2892
2020-01-14,1,9,226,236,9,71,2892
2020-01-15,1,9,226,239,9,71,2889
2020-01-16,1,9,226,240,9,71,2876
2020-01-17,1,9,226,240,9,71,2871
2020-01-18,1,9,226,240,9,71,2871
2020-01-19,1,9,226,240,9,71,2871
2020-01-20,1,9,226,240,9,71,2871
2020-01-21,1,9,224,241,9,71,2872
2020-01-22,1,9,224,241,9,71,2872
2020-01-23,1,9,221,241,10,73,2868
2020-01-24,1,9,222,242,10,71,2868
2020-01-25,1,9,223,242,10,70,2868
2020-01-26,1,9,223,242,10,70,2868
2020-01-27,1,9,223,243,10,69,2868
2020-01-28,1,10,227,246,10,69,2871
2020-01-29,1,10,223,247,10,70,2888
2020-01-30,1,10,222,248,10,70,2889
2020-01-31,1,10,222,248,10,70,2889
2020-02-01,1,10,222,247,10,70,2889
2020-02-02,1,10,222,247,10,70,2889
2020-02-03,1,10,222,246,10,70,2889
2020-02-04,1,10,222,247,10,70,2889
2020-02-05,1,10,222,248,11,70,2893
2020-02-06,1,10,222,249,11,70,2902
2020-02-07,1,10,222,249,11,72,2903
2020-02-08,1,10,222,249,11,70,2907
2020-02-09,1,10,222,249,11,70,2907
2020-02-10,1,10,222,248,11,70,2907
2020-02-11,1,10,222,247,11,70,2900
2020-02-12,1,10,222,248,11,72,2899
2020-02-13,1,10,222,248,11,74,2900
2020-02-14,1,10,222,245,11,76,2900
2020-02-15,1,10,222,246,11,76,2899
2020-02-16,1,10,222,246,11,76,2899
2020-02-17,1,10,222,246,11,76,2899
2020-02-18,1,10,222,246,11,76,2901
2020-02-19,1,10,222,245,11,75,2902
2020-02-20,1,10,222,244,11,77,2908
2020-02-21,1,10,222,244,11,79,2910
2020-02-22,1,10,222,244,11,79,2910
2020-02-23,1,10,222,244,11,79,2910
2020-02-24,1,10,222,244,11,79,2914
2020-02-25,1,10,223,244,10,79,2919
2020-02-26,1,10,223,245,10,79,2913
2020-02-27,1,10,223,243,10,79,2916
2020-02-28,1,10,223,243,10,79,2917
2020-02-29,1,10,223,243,10,79,2917
2020-03-01,1,10,223,243,10,79,2918
2020-03-02,1,10,223,244,10,79,2918
2020-03-03,1,10,223,244,10,79,2918
2020-03-04,1,10,214,241,10,79,2926
2020-03-05,1,10,214,241,10,79,2925
2020-03-06,1,10,214,241,10,79,2925
2020-03-07,1,10,214,241,10,79,2925
2020-03-08,1,10,214,241,10,79,2925
2020-03-09,1,10,214,241,10,79,2925
2020-03-10,1,10,214,242,10,78,2925
2020-03-11,1,10,214,242,10,79,2925
2020-03-12,1,10,214,241,10,79,2924
2020-03-13,1,10,214,240,10,79,2920
2020-03-14,1,10,214,239,10,79,2920
2020-03-15,1,10,214,239,10,79,2920
2020-03-16,1,10,214,233,10,79,2921
2020-03-17,1,10,214,233,10,61,2924
2020-03-18,1,10,214,231,10,61,2924
2020-03-19,1,10,214,235,10,61,2924
2020-03-20,1,10,214,241,10,61,2924
2020-03-21,1,10,214,241,10,61,2924
2020-03-22,1,10,214,241,10,61,2924
2020-03-23,1,10,214,241,10,62,2924
2020-03-24,1,10,214,245,10,60,2924
2020-03-25,1,10,214,244,10,60,2924
2020-03-26,1,10,214,259,10,60,2924
2020-03-27,1,10,214,258,10,60,2924
2020-03-28,1,10,214,258,10,60,2924
2020-03-29,1,10,214,258,10,60,2924
2020-03-30,1,10,214,255,10,60,2926
2020-03-31,1,10,214,255,10,57,2926
2020-04-01,0,1,69,119,11,2,1320
2020-04-02,0,1,69,119,11,2,1320
2020-04-03,0,1,69,119,11,2,1320
2020-04-04,0,1,69,119,11,2,1320
2020-04-05,0,1,69,119,11,2,1320
2020-04-06,0,1,69,119,11,2,1320
2020-04-07,0,1,69,119,11,2,1320
2020-04-08,0,1,68,121,11,2,1320
2020-04-09,0,1,68,121,11,2,1320
2020-04-10,0,1,68,121,11,2,1318
2020-04-11,0,1,68,121,11,2,1319
2020-04-12,0,1,68,121,11,2,1319
2020-04-13,0,1,68,121,11,2,1319
2020-04-14,0,1,68,121,11,2,1318
2020-04-15,0,1,68,121,11,2,1319
2020-04-16,0,1,68,121,11,2,1327
2020-04-17,0,1,68,120,11,2,1331
2020-04-18,0,1,68,120,11,2,1330
2020-04-19,0,1,68,120,11,2,1330
2020-04-20,0,1,68,120,11,0,1334
2020-04-21,0,1,72,120,11,0,1331
2020-04-22,0,1,72,119,11,0,1331
2020-04-23,0,1,72,119,11,0,1332
2020-04-24,0,1,72,119,11,0,1332
2020-04-25,0,1,72,119,11,0,1332
2020-04-26,0,1,72,119,11,0,1333
2020-04-27,0,1,72,119,11,0,1333
2020-04-28,0,1,72,119,11,0,1333
2020-04-29,0,1,72,119,11,0,1333
2020-04-30,0,1,72,119,11,0,1333
2020-05-01,0,1,72,119,11,0,1333
2020-05-02,0,1,72,119,11,0,1333
2020-05-03,0,1,72,119,11,0,1333
2020-05-04,0,1,72,119,11,0,1333
2020-05-05,0,1,72,119,11,0,1329
2020-05-06,0,1,72,118,11,0,1329
2020-05-07,0,1,72,119,11,0,1329
2020-05-08,0,1,72,120,11,0,1330
2020-05-09,0,1,72,119,11,0,1352
2020-05-10,0,1,72,119,11,0,1352
2020-05-11,0,1,72,119,11,0,1352
2020-05-12,0,1,72,119,11,0,1352
2020-05-13,0,1,72,119,11,0,1351
2020-05-14,0,1,72,119,11,0,1351
2020-05-15,0,1,72,119,11,0,1351
2020-05-16,0,1,72,119,11,0,1352
2020-05-17,0,1,72,119,11,0,1352
2020-05-18,0,1,72,119,11,0,1352
2020-05-19,0,1,73,120,11,0,1366
2020-05-20,0,1,73,120,11,0,1365
2020-05-21,0,1,73,120,11,0,1365
2020-05-22,0,1,73,120,11,0,1368
2020-05-23,0,1,73,120,11,0,1368
2020-05-24,0,1,73,120,11,0,1368
2020-05-25,0,1,73,120,11,0,1367
2020-05-26,0,1,73,120,11,0,1366
2020-05-27,0,1,73,120,11,0,1366
2020-05-28,0,1,73,120,11,0,1368
2020-05-29,0,1,73,120,11,0,1368
2020-05-30,0,1,73,120,11,0,1368
2020-05-31,0,1,73,120,11,0,1368
2020-06-01,0,1,73,120,11,0,1368
2020-06-02,0,1,73,121,11,0,1370
2020-06-03,0,1,73,121,11,0,1369
2020-06-04,0,1,73,123,11,0,1368
2020-06-05,0,1,73,123,11,0,1369
2020-06-06,0,1,73,123,11,0,1369
2020-06-07,0,1,73,123,11,0,1369
2020-06-08,0,1,73,123,11,0,1370
2020-06-09,0,1,73,123,11,0,1369
2020-06-10,0,1,73,123,11,0,1369
2020-06-11,0,1,73,123,11,0,1369
2020-06-12,0,1,73,123,11,0,1369
2020-06-13,0,1,73,123,11,0,1367
2020-06-14,0,1,73,122,11,0,1361
2020-06-15,0,1,73,122,11,0,1361
2020-06-16,0,1,73,122,11,0,1361
2020-06-17,0,1,73,122,11,0,1360
2020-06-18,0,1,73,122,11,0,1359
2020-06-19,0,1,73,122,11,0,1359
2020-06-20,0,1,73,122,11,0,1359
2020-06-21,0,1,73,122,11,0,1359
2020-06-22,0,1,73,122,11,0,1384
2020-06-23,0,1,73,122,11,0,1384
2020-06-24,0,1,73,122,11,0,1385
2020-06-25,0,1,73,122,11,0,1387
2020-06-26,0,1,72,122,11,0,1391
2020-06-27,0,1,72,123,11,0,1391
2020-06-28,0,1,72,123,11,0,1391
2020-06-29,0,1,72,122,11,0,1391
2020-06-30,0,1,72,122,11,0,1391
2020-07-01,0,1,72,122,11,0,1392
2020-07-02,0,1,72,124,11,0,1391
2020-07-03,0,1,72,124,11,0,1391
2020-07-04,0,1,72,125,11,0,1391
2020-07-05,0,1,72,125,11,0,1387
2020-07-06,0,1,72,125,11,0,1402
2020-07-07,0,1,72,129,11,0,1405
2020-07-08,0,1,72,128,10,0,1415
2020-07-09,0,1,72,127,10,0,1413
2020-07-10,0,1,74,127,10,0,1418
2020-07-11,0,1,75,130,10,0,1416
2020-07-12,0,1,75,130,10,0,1416
2020-07-13,0,1,75,130,10,0,1416
2020-07-14,0,1,74,130,10,0,1417
2020-07-15,0,1,74,130,10,0,1417
2020-07-16,0,1,76,141,10,0,1432
2020-07-18,0,1,76,141,10,0,1447
2020-07-19,0,1,76,141,10,0,1447
2020-07-20,0,1,76,141,10,0,1447
2020-07-21,0,1,76,141,10,0,1447
2020-07-22,0,1,76,141,10,0,1447
2020-07-23,0,1,76,141,10,0,1447
2020-07-24,0,1,76,141,10,0,1447
2020-07-25,0,1,76,141,10,0,1447
2020-07-26,0,1,76,141,10,0,1447
2020-07-27,0,1,76,141,10,0,1447
2020-07-28,0,1,76,141,10,0,1453
2020-07-29,0,1,76,141,10,0,1453
2020-07-30,0,1,78,145,10,0,1451
2020-07-31,1,12,224,263,14,56,3054
2020-08-01,1,12,224,263,14,56,3054
2020-08-02,1,12,224,263,14,56,3054
2020-08-03,1,12,223,266,14,55,3055
2020-08-04,1,12,223,266,14,55,3060
2020-08-05,1,12,223,268,14,55,3060
2020-08-06,1,12,223,268,14,55,3060
2020-08-07,1,12,224,269,14,55,3058
2020-08-08,1,12,224,279,14,55,3054
2020-08-09,1,12,224,279,14,55,3054
2020-08-10,1,12,224,279,14,55,3054
2020-08-11,1,12,223,278,14,55,3055
2020-08-12,1,12,225,276,14,55,3056
2020-08-13,1,12,225,276,14,55,3056
2020-08-14,1,12,226,279,14,55,3055
2020-08-15,1,12,226,283,14,55,3055
2020-08-16,1,12,226,284,14,55,3055
2020-08-17,1,12,225,283,14,55,3056
2020-08-18,1,12,225,283,15,55,3056
2020-08-19,1,12,225,286,15,54,3057
2020-08-20,1,12,226,287,15,54,3057
2020-08-21,1,12,225,288,15,54,3057
2020-08-22,1,12,225,288,15,54,3057
2020-08-23,1,12,225,288,15,54,3056
2020-08-24,1,12,225,288,15,53,3056
2020-08-25,1,12,224,289,15,53,3057
2020-08-26,1,12,231,294,15,90,3051
2020-08-27,1,12,231,297,15,91,3050
2020-08-28,1,12,231,296,15,91,3048
2020-08-29,1,12,231,293,15,91,3058
2020-08-30,1,12,231,294,15,91,3058
2020-08-31,1,12,231,292,15,90,3063
2020-09-01,1,12,231,291,15,90,3064
2020-09-02,1,12,231,292,15,90,3063
2020-09-03,1,12,231,293,15,90,3059
2020-09-04,1,12,231,292,15,90,3059
2020-09-05,1,12,231,292,15,90,3059
2020-09-06,1,12,231,292,15,90,3059
2020-09-07,1,12,231,291,15,90,3059
2020-09-08,1,12,231,291,15,90,3055
2020-09-09,1,12,232,295,15,90,3056
2020-09-10,1,12,232,295,15,90,3057
2020-09-11,1,12,232,295,15,90,3057
2020-09-12,1,12,232,294,15,90,3055
2020-09-13,1,12,232,294,15,90,3056
2020-09-14,1,12,232,293,15,90,3056
2020-09-15,1,12,232,291,15,87,3068
2020-09-16,1,12,232,291,15,88,3067
2020-09-17,1,12,231,264,15,88,3117
2020-09-18,1,12,231,264,15,88,3117
2020-09-19,1,12,231,264,15,88,3117
2020-09-20,1,12,231,264,15,88,3117
2020-09-21,1,12,231,263,15,88,3117
2020-09-22,1,12,231,263,15,88,3118
2020-09-23,1,12,231,262,15,88,3116
2020-09-24,1,12,231,261,15,88,3114
2020-09-25,1,12,232,261,15,89,3113
2020-09-26,1,12,232,261,15,89,3113
2020-09-27,1,12,232,261,15,89,3113
2020-09-28,1,12,232,260,15,96,3112
2020-09-29,1,12,235,257,15,92,3128
2020-09-30,1,12,235,258,15,92,3128
2020-10-01,1,12,235,260,15,92,3114
2020-10-02,1,14,237,258,15,92,3125
2020-10-03,1,14,237,258,15,92,3125
2020-10-04,1,14,237,258,15,89,3125
2020-10-05,1,14,236,256,15,88,3127
2020-10-06,1,14,236,256,15,89,3141
2020-10-07,1,14,236,256,15,89,3137
2020-10-08,1,13,234,259,15,89,3132
2020-10-09,1,13,234,260,15,89,3131
2020-10-10,1,13,234,260,15,91,3129
2020-10-11,1,13,234,260,15,91,3129
2020-10-12,1,13,232,264,14,91,3120
2020-10-13,1,13,232,264,14,91,3118
2020-10-14,1,13,232,264,14,91,3118
2020-10-15,1,13,232,264,14,91,3118
2020-10-16,1,13,232,264,14,91,3117
2020-10-17,1,13,232,264,14,91,3117
2020-10-18,1,13,232,264,14,91,3117
2020-10-19,1,13,232,264,14,91,3119
2020-10-20,1,14,230,265,14,97,3119
2020-10-21,1,14,230,265,14,97,3119
2020-10-22,1,14,230,263,14,97,3119
2020-10-23,1,14,230,262,14,98,3117
2020-10-24,1,14,229,263,14,98,3114
2020-10-25,1,14,229,263,14,98,3114
2020-10-26,1,14,229,263,14,98,3120
2020-10-27,1,14,229,263,14,98,3121
2020-10-28,1,14,229,264,14,98,3121
2020-10-29,1,14,229,263,14,98,3121
2020-10-30,1,14,229,263,14,98,3121
2020-10-31,1,14,229,263,14,98,3121
2020-11-01,1,14,229,263,14,98,3121
2020-11-02,1,14,229,266,14,98,3120
2020-11-03,1,14,229,267,14,98,3120
2020-11-04,1,14,229,267,14,98,3120
2020-11-05,1,14,229,267,14,98,3100
2020-11-06,1,14,229,267,14,98,3100
2020-11-07,1,14,229,267,14,98,3100
2020-11-08,1,14,229,267,14,98,3100
2020-11-09,1,14,229,267,14,98,3100
2020-11-10,1,14,229,267,14,98,3099
2020-11-11,1,14,236,268,14,104,3091
2020-11-12,1,14,236,268,14,105,3090
2020-11-13,1,14,235,268,14,105,3091
2020-11-14,1,14,235,268,14,105,3076
2020-11-15,1,14,235,268,14,105,3077
2020-11-16,1,14,235,252,31,113,3077
2020-11-17,1,14,237,252,31,116,3075
2020-11-19,1,14,237,253,30,116,3077
2020-11-20,1,14,237,253,30,116,3077
2020-11-21,1,14,237,253,30,116,3085
2020-11-22,1,14,237,253,30,116,3085
2020-11-23,1,14,238,251,30,117,3084
2020-11-24,1,14,238,251,30,117,3084
2020-11-25,1,14,238,251,30,117,3084
2020-11-26,1,14,238,251,30,117,3086
2020-11-27,1,14,238,251,30,117,3086
2020-11-28,1,14,238,251,30,117,3086
2020-11-29,1,14,238,251,30,117,3086
2020-11-30,1,14,238,251,30,117,3086
2020-12-02,1,14,238,251,30,114,3086
2020-12-03,1,14,238,251,28,114,3085
2020-12-04,1,14,238,253,28,114,3087
2020-12-05,1,14,237,253,28,113,3090
2020-12-06,1,14,237,253,28,113,3090
2020-12-07,1,14,237,253,28,113,3092
2020-12-08,1,14,236,255,28,113,3094
2020-12-09,1,14,236,257,28,112,3089
2020-12-11,1,14,235,257,28,112,3088
2023-09-18,0,10,209,546,34,88,3128
2023-09-19,0,15,263,946,33,268,3068
2023-09-20,0,13,265,968,32,231,3064
2023-09-21,0,12,232,680,34,225,3101
2023-09-22,0,12,233,559,34,236,3104
2023-09-23,0,12,267,799,34,284,3079
2023-09-24,0,13,262,908,34,258,3080
2023-09-25,0,12,259,867,34,260,3083
2023-09-26,0,12,258,869,34,260,3085
2023-09-27,0,11,260,818,34,253,3087
2023-09-28,0,11,261,823,34,241,3086
2023-09-29,0,15,254,867,34,246,3088
2023-09-30,0,15,264,882,34,248,3074
2023-10-01,0,11,233,559,34,235,3108
2023-10-02,0,12,248,859,34,233,3091
2023-10-03,0,12,248,859,34,233,3091
2023-10-04,0,12,248,859,34,233,3091
2023-10-05,0,12,248,859,34,233,3092
2023-10-06,0,12,248,855,34,232,3092
2023-10-07,0,12,248,870,34,234,3097
2023-10-08,0,12,248,887,34,234,3097
2023-10-09,0,12,248,887,34,234,3097
2023-10-10,0,12,248,887,34,234,3097
2023-10-11,0,12,248,881,34,234,3097
2023-10-12,0,12,248,881,34,234,3096
2023-10-13,0,12,248,872,34,234,3095
2023-10-14,0,12,248,872,34,234,3095
2023-10-15,0,12,248,872,34,234,3095
2023-10-16,0,12,248,872,34,234,3095
2023-10-17,0,12,248,872,34,234,3095
2023-10-18,0,12,248,872,34,234,3092
2023-10-19,0,12,248,872,34,234,3093
2023-10-20,0,12,248,871,34,234,3093
2023-10-21,0,12,248,871,34,234,3090
2023-10-22,0,12,249,871,34,234,3092
2023-10-23,0,12,249,871,34,234,3092
2023-10-24,0,12,249,870,34,234,3093
2023-10-25,0,12,249,870,34,234,3094
2023-10-26,0,12,249,870,34,234,3094
2023-10-27,0,12,249,871,34,234,3094
2023-10-28,0,12,250,873,34,236,3095
2023-10-29,0,12,250,873,34,236,3095
2023-10-30,0,12,250,873,34,236,3095
2023-10-31,0,12,250,873,34,236,3124
2023-11-01,0,12,250,873,34,236,3123
2023-11-02,0,12,250,874,34,237,3123
2023-11-03,0,12,250,874,34,237,3123
2023-11-04,0,12,251,875,34,237,3122
2023-11-05,0,12,251,874,34,237,3122
2023-11-06,0,12,251,874,34,237,3125
2023-11-07,0,12,251,874,34,237,3125
2023-11-08,0,12,250,874,34,237,3128
2023-11-09,0,12,250,874,34,237,3128
2023-11-10,0,12,250,874,34,237,3146
2023-11-11,0,12,250,874,34,237,3167
2023-11-12,0,12,250,874,34,237,3167
2023-11-13,0,12,250,874,34,237,3167
2023-11-14,0,12,250,874,34,237,3167
2023-11-15,0,12,250,874,34,237,3181
2023-11-16,0,12,250,876,34,237,3181
2023-11-17,0,12,250,875,34,237,3181
2023-11-18,0,12,249,897,34,237,3180
2023-11-19,0,12,249,897,34,237,3180
2023-11-20,0,12,249,897,34,237,3180
2023-11-21,0,12,249,897,34,237,3181
2023-11-22,0,12,249,896,34,237,3181
2023-11-23,0,12,249,896,34,237,3187
2023-11-24,0,12,249,899,34,236,3186
2023-11-25,0,12,249,899,34,236,3184
2023-11-26,0,12,249,900,34,236,3186
2023-11-27,0,12,249,900,34,236,3186
2023-11-28,0,12,249,900,34,236,3186
2023-11-29,0,12,249,899,34,237,3186
2023-11-30,0,12,249,898,34,237,3186
2023-12-01,0,12,249,897,34,238,3186
2023-12-02,0,12,249,897,34,238,3186
2023-12-03,0,12,250,900,34,238,3190
2023-12-04,0,12,250,900,34,238,3190
2023-12-05,0,12,250,907,34,238,3190
2023-12-06,0,12,238,813,34,239,3189
2023-12-07,0,12,250,783,34,272,3177
2023-12-08,0,12,238,754,34,238,3189
2023-12-09,0,12,238,665,34,239,3189
2023-12-10,0,12,238,756,34,239,3189
2023-12-11,0,12,250,876,34,238,3177
2023-12-12,0,12,238,813,34,239,3189
2023-12-13,0,12,238,791,34,239,3205
2023-12-14,0,12,252,904,34,242,3191
2023-12-15,0,12,245,887,34,261,3199
2023-12-16,0,12,247,755,34,243,3194
2023-12-17,0,12,247,907,34,219,3197
2023-12-18,0,12,239,908,34,211,3210
2023-12-19,0,12,249,906,34,242,3196
2023-12-20,0,12,249,906,34,242,3206
2023-12-21,0,12,249,918,34,246,3196
2023-12-22,0,12,249,906,34,246,3196
2023-12-23,0,12,249,906,34,246,3196
2023-12-24,0,12,249,906,34,246,3201
2023-12-25,0,12,249,906,34,246,3201
2023-12-26,0,12,249,906,34,246,3202
2023-12-27,0,12,249,906,34,246,3202
2023-12-28,0,12,249,906,34,246,3202
2023-12-29,0,12,249,906,34,246,3202
2023-12-30,0,12,249,904,34,246,3202
2023-12-31,0,12,248,906,34,246,3202
2024-01-01,0,12,248,906,34,246,3202
2024-01-02,0,12,248,906,34,246,3202
2024-01-03,0,12,248,906,34,246,3202
2024-01-04,0,12,248,906,34,246,3202
2024-01-05,0,12,246,904,34,244,3204
2024-01-06,0,12,246,905,34,244,3204
2024-01-07,0,12,246,909,34,244,3204
2024-01-08,0,12,246,909,34,281,3204
2024-01-09,0,12,246,909,34,281,3204
2024-01-10,0,12,246,909,34,281,3204
2024-01-11,0,12,246,908,34,281,3204
2024-01-12,0,12,246,908,34,281,3204
2024-01-13,0,12,246,911,34,281,3204
2024-01-14,0,12,246,909,34,281,3204
2024-01-15,0,12,246,909,34,281,3204
2024-01-16,0,12,246,909,34,281,3205
2024-01-17,0,12,246,909,34,281,3205
2024-01-18,0,12,252,909,34,292,3189
2024-01-19,0,12,252,909,34,292,3189
2024-01-20,0,12,252,909,34,292,3189
2024-01-21,0,12,252,909,34,292,3171
2024-01-22,0,12,252,909,34,292,3171
2024-01-23,0,12,252,909,34,292,3171
2024-01-24,0,12,252,909,34,292,3171
2024-01-25,0,12,243,910,34,218,3181
2024-01-26,0,12,243,922,34,230,3183
2024-01-27,0,12,252,909,34,292,3172
2024-01-28,0,12,252,909,34,292,3171
2024-01-29,0,12,252,863,34,293,3171
2024-01-30,0,12,252,909,34,293,3171
2024-01-31,0,12,252,909,34,293,3170
2024-02-01,0,12,251,811,34,293,3174
2024-02-02,0,12,252,908,34,293,3174
2024-02-03,0,13,254,965,34,293,3173
2024-02-04,0,14,254,965,34,313,3172
2024-02-05,0,14,254,965,34,313,3172
2024-02-06,0,13,254,969,34,293,3173
2024-02-07,0,14,254,970,34,305,3171
2024-02-08,0,14,255,970,34,314,3175
2024-02-09,0,14,255,967,34,314,3186
2024-02-10,0,17,251,975,34,322,3185
2024-02-11,0,17,255,976,33,416,3183
2024-02-12,0,17,258,968,33,342,3176
2024-02-13,0,17,258,968,33,374,3176
2024-02-14,0,17,256,961,34,275,3184
2024-02-15,0,14,256,964,34,296,3185
2024-02-16,0,17,256,951,33,416,3184
2024-02-17,0,16,258,983,33,323,3179
2024-02-18,0,17,258,969,33,343,3178
2024-02-19,0,17,256,968,33,390,3184
2024-02-20,0,17,256,968,33,389,3155
2024-02-21,0,15,256,915,33,376,3154
2024-02-22,0,12,245,893,33,362,3179
2024-02-23,0,15,255,1000,33,308,3163
2024-02-24,0,15,256,989,33,316,3161
2024-02-25,0,16,246,970,33,364,3172
2024-02-26,0,15,259,988,33,326,3159
2024-02-27,0,16,260,968,33,354,3148
2024-02-28,0,15,266,1004,33,329,3144
2024-02-29,0,16,265,976,33,378,3144
2024-03-01,0,16,256,968,33,345,3155
2024-03-02,0,16,254,969,33,377,3157
2024-03-03,0,15,267,989,33,338,3146
2024-03-04,0,11,251,888,34,298,3177
2024-03-05,0,13,265,946,32,302,3157
2024-03-06,0,14,260,963,32,301,3161
2024-03-07,0,15,263,1012,32,300,3158
2024-03-08,0,14,272,992,32,324,3159
2024-03-09,0,13,268,972,32,318,3164
2024-03-10,0,16,278,1020,32,292,3158
2024-03-11,0,15,271,1025,32,319,3156
2024-03-12,0,15,271,1023,32,321,3156
2024-03-13,0,16,249,965,34,378,3170
2024-03-14,0,15,253,997,33,316,3170
2024-03-15,0,16,267,1051,32,254,3170
2024-03-16,0,13,268,1006,32,322,3167
2024-03-17,0,15,275,1063,32,343,3162
2024-03-18,0,15,273,1068,32,317,3163
2024-03-19,0,13,269,1028,32,313,3168
2024-03-20,0,11,248,909,34,300,3184
2024-03-21,0,11,248,909,34,300,3184
2024-03-22,0,11,248,920,34,300,3184
2024-03-23,0,16,251,1001,33,383,3170
2024-03-24,0,15,266,1053,32,303,3163
2024-03-25,0,16,253,1002,33,390,3168
2024-03-26,0,15,253,1026,33,321,3169
2024-03-27,0,11,248,921,34,302,3185
2024-03-28,0,15,263,1040,33,327,3160
2024-03-29,0,18,264,1106,32,245,3175
2024-03-30,0,11,271,1056,33,325,3174
2024-03-31,0,11,261,1040,34,304,3179
2024-04-01,0,13,280,1091,32,323,3164
2024-04-02,0,11,249,933,34,320,3184
2024-04-03,0,10,280,1046,33,301,3162
2024-04-04,0,11,274,1072,33,303,3170
2024-04-05,0,11,268,995,34,303,3166
2024-04-06,0,10,264,954,34,367,3163
2024-04-07,0,10,267,960,34,280,3167
2024-04-08,0,11,260,954,34,306,3165
2024-04-09,0,10,276,887,34,302,3158
2024-04-10,0,10,273,1005,34,303,3167
2024-04-11,0,10,271,999,34,303,3169
2024-04-12,0,10,285,995,34,303,3161
2024-04-13,0,11,263,993,34,314,3173
2024-04-14,0,10,270,997,34,304,3166
2024-04-15,0,10,270,987,34,308,3165
2024-04-16,0,10,271,976,34,239,3165
2024-04-17,0,10,265,971,34,324,3165
2024-04-18,0,10,261,962,34,312,3174
2024-04-19,0,16,277,1076,32,342,3163
2024-04-20,0,11,265,1006,34,292,3172
2024-04-21,0,12,251,976,34,246,3186
2024-04-22,0,11,263,975,34,320,3174
2024-04-23,0,10,267,981,34,258,3177
2024-04-24,0,13,279,1008,34,384,3168
2024-04-25,0,10,267,1010,34,309,3175
2024-04-26,0,10,268,927,34,363,3171
2024-04-27,0,13,271,896,34,295,3167
2024-04-28,0,14,264,962,34,325,3175
2024-04-29,0,13,259,817,34,288,3184
2024-04-30,0,10,239,788,34,304,3200
2024-05-01,0,10,237,632,34,306,3202
2024-05-02,0,10,234,624,34,305,3201
2024-05-03,0,10,234,614,34,306,3201
2024-05-04,0,10,236,671,34,307,3202
2024-05-05,0,10,233,613,34,309,3202
2024-05-06,0,10,239,796,34,308,3199
2024-05-07,0,10,236,645,34,305,3202
2024-05-08,0,10,233,614,34,306,3202
2024-05-09,0,11,256,926,34,361,3173
2024-05-10,0,11,266,927,34,339,3165
2024-05-11,0,10,233,583,34,281,3201
2024-05-12,0,10,233,585,34,305,3198
2024-05-13,0,10,233,585,34,305,3198
2024-05-14,0,10,233,585,34,305,3209
2024-05-15,0,14,278,992,32,338,3156
2024-05-16,0,14,280,1004,32,305,3153
2024-05-17,0,14,273,1032,32,333,3166
2024-05-18,0,11,252,925,34,306,3187
2024-05-19,0,11,252,925,34,306,3187
2024-05-20,0,11,252,925,34,305,3187
2024-05-21,0,11,252,925,34,305,3187
2024-05-22,0,11,252,927,34,305,3212
2024-05-23,0,11,252,930,34,305,3210
2024-05-24,0,11,252,931,34,306,3209
2024-05-25,0,11,252,929,34,308,3207
2024-05-26,0,11,252,929,34,308,3208
2024-05-27,0,11,252,929,34,308,3208
2024-05-28,0,11,252,929,34,308,3208
2024-05-29,0,11,252,929,34,308,3208
2024-05-30,0,11,252,935,34,308,3208
2024-05-31,0,11,252,935,34,308,3208
2024-06-01,0,11,252,937,34,307,3208
2024-06-02,0,11,252,937,34,307,3208
2024-06-03,0,11,252,937,34,307,3208
2024-06-04,0,11,252,937,34,307,3208
2024-06-05,0,11,254,934,35,305,3206
2024-06-06,0,11,254,928,35,305,3206
2024-06-07,0,11,254,938,35,305,3206
2024-06-08,0,11,254,939,35,305,3206
2024-06-09,0,11,254,939,35,305,3206
2024-06-10,0,11,254,939,35,305,3206
2024-06-11,0,11,254,939,35,305,3206
2024-06-12,0,11,254,937,35,305,3206
2024-06-13,0,11,254,937,35,305,3203
2024-06-14,0,11,254,937,35,307,3203
2024-06-15,0,11,254,937,35,307,3201
2024-06-16,0,11,254,936,35,305,3201
2024-06-17,0,11,254,936,35,305,3201
2024-06-18,0,11,254,936,35,305,3201
2024-06-19,0,11,254,936,35,305,3222
2024-06-20,0,11,254,936,35,305,3249
2024-06-21,0,11,253,939,36,305,3249
2024-06-22,0,11,254,939,35,305,3249
2024-06-23,0,11,254,939,35,305,3249
2024-06-24,0,11,254,939,35,305,3249
2024-06-25,0,11,254,939,35,305,3249
2024-06-26,0,11,254,939,35,305,3249
2024-06-27,0,11,254,939,35,305,3249
2024-06-28,0,11,252,941,36,305,3249
2024-06-29,0,11,252,941,36,305,3249
2024-06-30,0,11,252,946,36,304,3249
2024-07-01,0,11,252,946,36,304,3249
2024-07-02,0,11,252,946,36,304,3248
2024-07-03,0,11,252,946,36,304,3248
2024-07-04,0,11,252,946,36,304,3248
2024-07-05,0,11,252,947,36,304,3248
2024-07-06,0,11,252,947,36,304,3248
2024-07-07,0,11,252,947,36,304,3248
2024-07-08,0,11,252,947,36,304,3248
2024-07-09,0,11,252,947,36,304,3248
2024-07-10,0,11,252,947,36,304,3248
2024-07-11,0,11,250,942,36,304,3264
2024-07-12,0,11,249,942,36,305,3265
2024-07-13,0,10,273,989,36,285,3261
2024-07-14,0,10,277,970,35,251,3264
2024-07-15,0,11,263,1003,36,296,3265
2024-07-16,0,12,270,989,36,372,3257
2024-07-17,0,10,280,1008,35,254,3256
2024-07-18,0,11,249,945,36,253,3274
2024-07-19,0,11,249,948,36,253,3277
2024-07-20,0,11,249,948,36,253,3277
2024-07-21,0,11,250,948,36,251,3277
2024-07-22,0,11,250,948,36,251,3277
2024-07-23,0,11,250,949,36,251,3277
2024-07-24,0,11,250,949,36,251,3277
2024-07-25,0,11,250,948,36,251,3277
2024-07-26,0,11,250,948,36,251,3278
2024-07-27,0,11,250,948,36,251,3275
2024-07-28,0,11,250,950,36,250,3279
2024-07-29,0,11,250,950,36,250,3278
2024-07-30,0,11,250,950,36,250,3284
2024-07-31,0,11,250,950,36,250,3283
2024-08-01,0,11,250,950,36,250,3286
2024-08-02,0,11,250,952,36,250,3286
2024-08-03,0,11,251,952,36,250,3285
2024-08-04,0,11,251,952,36,250,3285
2024-08-05,0,11,251,952,36,250,3285
2024-08-06,0,11,251,952,36,250,3285
2024-08-07,0,11,251,952,36,250,3285
2024-08-08,0,11,251,955,36,250,3280
2024-08-09,0,11,251,955,36,250,3274
2024-08-10,0,11,251,955,36,250,3279
2024-08-11,0,11,251,958,36,250,3279
2024-08-12,0,11,254,995,36,250,3278
2024-08-13,0,12,253,999,36,250,3278
2024-08-14,0,12,253,999,36,250,3278
2024-08-15,0,12,254,999,36,250,3266
2024-08-16,0,12,254,999,36,250,3266
2024-08-17,0,12,254,999,36,250,3263
2024-08-18,0,12,254,999,36,250,3263
2024-08-19,0,12,254,999,36,250,3263
2024-08-20,0,12,254,999,36,250,3263
2024-08-21,0,12,254,999,36,250,3233
2024-08-22,0,12,254,1000,36,250,3232
2024-08-23,0,12,253,1000,36,251,3233
2024-08-24,0,12,253,1003,36,251,3233
2024-08-25,0,12,253,1003,36,252,3233
2024-08-26,0,12,253,1003,36,252,3233
2024-08-27,0,12,253,1001,36,253,3233
2024-08-28,0,12,253,1001,36,253,3233
2024-08-29,0,12,253,1002,36,253,3233
2024-08-30,0,12,251,1004,36,253,3236
2024-08-31,0,12,251,1004,36,253,3241
2024-09-01,0,12,251,1006,36,253,3241
2024-09-02,0,12,251,1006,36,253,3241
2024-09-03,0,12,251,1007,36,253,3241
2024-09-04,0,12,251,1005,36,253,3242
2024-09-05,0,12,251,1005,36,253,3242
2024-09-06,0,12,251,1005,36,254,3242
2024-09-07,0,12,251,1006,36,254,3243
2024-09-08,0,12,253,1008,36,254,3246
2024-09-09,0,12,253,1008,36,254,3246
2024-09-10,0,12,252,1009,36,254,3247
2024-09-11,0,12,252,1006,36,254,3249
2024-09-12,0,12,252,1007,36,254,3249
2024-09-13,0,12,252,1008,36,248,3244
2024-09-14,0,12,252,1007,36,248,3244
2024-09-15,0,12,252,1007,36,237,3244
2024-09-16,0,12,252,1007,36,237,3244
2024-09-17,0,12,253,1008,36,237,3243
2024-09-18,0,12,254,1007,36,237,3243
2024-09-19,0,12,255,1008,36,237,3244
2024-09-20,0,12,254,1008,36,236,3241
2024-09-21,0,12,254,1008,36,236,3241
2024-09-22,0,12,254,1008,36,236,3241
2024-09-23,0,12,254,1008,36,236,3241
2024-09-24,0,12,254,1008,36,236,3241
2024-09-25,0,12,254,1008,36,236,3241
2024-09-26,0,12,254,1010,36,236,3240
2024-09-27,0,12,235,660,36,239,3256
2024-09-29,0,12,252,1010,36,240,3239
2024-09-30,0,12,252,1010,36,240,3239
2024-10-01,0,12,252,1010,36,240,3239
2024-10-02,0,12,252,1010,36,240,3238
2024-10-03,0,12,252,1010,36,240,3238
2024-10-04,0,12,252,1011,36,239,3285
2024-10-05,0,12,252,1011,36,239,3285
2024-10-06,0,12,252,1011,36,239,3285
2024-10-07,0,12,252,1011,36,239,3285
2024-10-08,0,12,249,1014,36,241,3286
2024-10-09,0,12,249,1012,36,241,3290
2024-10-10,0,12,249,1014,36,255,3290
2024-10-11,0,12,249,1014,36,255,3290
2024-10-12,0,12,249,1013,36,253,3292
2024-10-13,0,12,249,1012,36,250,3292
2024-10-14,0,12,249,1012,36,250,3292
2024-10-15,0,12,249,1012,36,250,3292
2024-10-16,0,12,249,1012,36,250,3292
2024-10-17,0,12,249,1001,36,249,3294
2024-10-18,0,12,249,1006,36,249,3264
2024-10-19,0,12,249,1006,36,249,3262
2024-10-20,0,12,249,1011,36,249,3262
2024-10-21,0,12,249,1011,36,249,3262
2024-10-22,0,12,249,1007,36,249,3262
2024-10-23,0,12,249,1007,36,249,3262
2024-10-24,0,12,250,1011,36,249,3261
2024-10-25,0,12,250,1011,36,249,3261
2024-10-26,0,12,250,1011,36,248,3261
2024-10-27,0,12,250,1012,36,248,3262
2024-10-28,0,12,250,1012,36,248,3262
2024-10-29,0,15,277,1102,34,246,3244
2024-10-30,0,18,273,1021,34,298,3257
2024-10-31,0,12,281,1098,35,257,3249
2024-11-01,0,11,274,1111,36,261,3250
2024-11-02,0,12,251,1012,36,246,3263
2024-11-03,0,12,251,1012,36,246,3263
2024-11-04,0,12,251,1012,36,246,3263
2024-11-05,0,12,250,1012,36,246,3262
2024-11-06,0,12,250,1009,36,246,3261
2024-11-07,0,12,250,1008,36,246,3261
2024-11-08,0,12,250,1011,36,246,3261
2024-11-09,0,12,250,1011,36,246,3261
2024-11-10,0,12,250,1015,36,246,3261
2024-11-11,0,12,250,1015,36,246,3261
2024-11-12,0,12,249,1017,36,246,3261
2024-11-13,0,12,249,1018,36,246,3261
2024-11-14,0,12,249,1018,36,246,3246
2024-11-15,0,12,249,1017,36,246,3245
2024-11-16,0,12,249,1011,36,246,3245
2024-11-17,0,12,249,1011,36,246,3251
2024-11-18,0,12,249,1011,36,246,3251
2024-11-19,0,12,249,1011,36,246,3248
2024-11-20,0,12,249,1010,36,246,3249
2024-11-21,0,13,249,1008,36,246,3271
2024-11-22,0,13,249,1008,36,246,3264
2024-11-23,0,13,249,1008,36,246,3263
2024-11-24,0,13,249,1008,36,246,3262
2024-11-25,0,13,249,1008,36,246,3262
2024-11-26,0,13,249,1008,36,246,3261
2024-11-27,0,13,249,1006,36,246,3268
2024-11-28,0,13,249,1006,36,246,3268
2024-11-29,0,13,242,854,36,275,3276
2024-11-30,0,13,252,1008,36,256,3265
2024-12-01,0,13,252,1006,36,257,3265
2024-12-02,0,13,252,1005,36,257,3265
2024-12-03,0,13,252,1005,36,257,3265
2024-12-04,0,13,252,1005,36,258,3265
2024-12-05,0,13,252,1008,36,257,3265
2024-12-06,0,13,252,1007,36,257,3265
2024-12-07,0,13,252,1031,36,257,3265
2024-12-08,0,13,252,1031,36,257,3265
2024-12-09,0,13,252,1031,36,257,3265
2024-12-10,0,13,252,1029,36,257,3265
2024-12-11,0,13,252,1029,36,257,3265
2024-12-12,0,13,257,1052,36,258,3260
2024-12-13,0,13,262,1053,35,259,3262
2024-12-14,0,13,262,1053,35,259,3262
2024-12-15,0,13,262,1051,35,258,3262
2024-12-16,0,13,262,1051,35,258,3262
2024-12-17,0,13,262,1051,35,258,3262
2024-12-18,0,13,261,1059,35,256,3258
2024-12-19,0,13,262,1058,35,256,3258
2024-12-20,0,16,265,1120,35,257,3244
2024-12-21,0,15,266,1122,35,289,3245
2024-12-22,0,18,270,1110,34,317,3237
2024-12-23,0,13,262,1053,35,255,3250
2024-12-24,0,13,262,1053,35,255,3250
2024-12-25,0,14,287,1031,33,365,3232
2024-12-26,0,13,262,1053,35,255,3250
2024-12-27,0,13,262,1053,35,255,3250
2024-12-28,0,13,262,1053,35,255,3250
2024-12-29,0,13,262,1053,35,255,3250
2024-12-30,0,13,262,1053,35,255,3250
2024-12-31,0,13,262,1053,35,255,3250
2025-01-01,0,13,262,1053,35,255,3251
2025-01-02,0,13,262,1053,35,255,3251
2025-01-03,0,13,262,1053,35,255,3250
2025-01-04,0,13,262,1053,35,255,3250
2025-01-05,0,13,262,1053,35,255,3250
2025-01-06,0,13,262,1053,35,255,3250
2025-01-07,0,13,262,1053,35,255,3250
2025-01-08,0,13,262,1053,35,255,3249
2025-01-09,0,13,262,1053,35,255,3247
2025-01-10,0,13,262,1054,35,255,3247
2025-01-11,0,13,262,1054,35,255,3247
2025-01-12,0,13,262,1055,35,255,3247
2025-01-13,0,13,262,1055,35,255,3247
2025-01-15,0,13,262,1060,35,261,3246
2025-01-16,0,13,262,1060,35,261,3246
2025-01-17,0,13,263,1062,35,261,3246
2025-01-18,0,13,263,1067,35,260,3243
2025-01-19,0,13,258,1070,36,260,3241
2025-01-20,0,12,280,1118,35,259,3232
2025-01-21,0,13,258,1070,36,260,3241
2025-01-22,0,12,236,720,36,257,3268
2025-01-23,0,13,242,879,36,256,3259
2025-01-25,0,12,264,1074,36,256,3240
2025-01-29,0,12,270,1073,36,292,3235
2025-01-30,0,13,258,1086,36,250,3253
2025-01-31,0,13,258,1086,36,251,3254
2025-02-01,0,13,258,1087,36,251,3254
2025-02-02,0,13,258,1087,36,246,3258
2025-02-03,0,13,258,1088,36,239,3257
2025-02-04,0,13,258,1088,36,239,3257
2025-02-05,0,13,258,1089,36,239,3257
2025-02-06,0,13,258,1089,36,239,3257
2025-02-07,0,13,258,1089,36,237,3258
2025-02-08,0,13,258,1091,36,237,3248
2025-02-09,0,12,259,1091,36,230,3252
2025-02-10,0,12,259,1091,36,230,3252
2025-02-11,0,12,259,1090,36,230,3252
2025-02-12,0,12,259,1089,36,230,3253
2025-02-13,0,12,259,1089,36,231,3253
2025-02-14,0,12,259,1089,36,230,3252
2025-02-15,0,12,259,1089,36,230,3252
2025-02-16,0,12,259,1089,36,230,3254
2025-02-17,0,12,259,1089,36,230,3254
2025-02-18,0,12,259,1089,36,230,3254
2025-02-19,0,12,259,1089,36,230,3254
2025-02-20,0,12,259,1088,36,222,3251
2025-02-21,0,12,259,1088,36,222,3251
2025-02-22,0,12,259,1085,36,222,3254
2025-02-23,0,12,259,1085,36,223,3254
2025-02-24,0,12,259,1085,36,223,3252
2025-02-25,0,12,259,1085,36,223,3252
2025-02-26,0,12,259,1085,36,223,3254
2025-02-27,0,12,259,1085,36,223,3253
2025-02-28,0,12,260,1094,36,221,3254
2025-03-01,0,12,260,1094,36,221,3254
2025-03-02,0,12,260,1095,36,222,3254
2025-03-03,0,12,260,1095,36,222,3254
2025-03-04,0,12,260,1095,36,222,3254
2025-03-05,0,12,260,1096,36,222,3253
2025-03-06,0,12,260,1096,36,222,3253
2025-03-07,0,12,260,1094,36,222,3253
2025-03-08,0,12,260,1094,36,222,3254
2025-03-09,0,12,260,1094,36,222,3254
2025-03-10,0,12,260,1094,36,222,3254
2025-03-11,0,12,260,1094,36,222,3254
2025-03-12,0,12,260,1104,36,222,3253
2025-03-13,0,12,260,1104,36,223,3255
2025-03-14,0,12,261,1114,36,223,3254
2025-03-15,0,12,261,1114,36,223,3255
2025-03-16,0,12,261,1114,36,223,3255
2025-03-17,0,12,261,1114,36,223,3256
2025-03-18,0,12,261,1114,36,223,3255
2025-03-19,0,15,287,1133,34,317,3243
2025-03-20,0,12,261,1110,36,223,3262
2025-03-21,0,12,261,1118,36,224,3262
2025-03-22,0,12,261,1118,36,224,3262
2025-03-23,0,12,261,1118,36,224,3265
2025-03-24,0,12,261,1121,36,224,3265
2025-03-25,0,12,261,1123,36,225,3269
2025-03-26,0,12,261,1125,36,225,3269
2025-03-27,0,8,283,1179,35,216,3212
2025-03-28,0,9,260,1133,36,217,3221
2025-03-29,0,9,260,1133,36,217,3221
2025-03-30,0,9,260,1134,36,216,3221
2025-03-31,0,9,254,1136,36,216,3227
2025-04-01,0,10,278,1073,34,222,3220
2025-04-02,0,9,255,1140,36,216,3227
2025-04-03,0,9,255,1144,36,216,3227
2025-04-04,0,9,255,1144,36,216,3227
2025-04-05,0,14,262,1189,35,414,3215
2025-04-06,0,13,271,1136,34,218,3214
2025-04-07,0,9,255,1140,36,216,3227
2025-04-08,0,9,255,1140,36,216,3227
2025-04-09,0,9,254,1142,36,215,3229
2025-04-10,0,9,254,1142,36,215,3229
2025-04-11,0,9,249,1141,36,215,3235
2025-04-12,0,9,248,1141,36,215,3237
2025-04-13,0,9,248,1141,36,215,3237
2025-04-14,0,9,248,1141,36,215,3237
2025-04-15,0,9,248,1141,36,215,3237
2025-04-16,0,9,248,1141,36,215,3237
2025-04-17,0,12,250,1242,36,319,3227
2025-04-18,0,13,252,1253,36,216,3225
2025-04-19,0,13,255,1257,35,215,3222
2025-04-20,0,13,256,1222,35,241,3226
2025-04-21,0,13,255,1252,35,226,3222
2025-04-22,0,13,254,1256,35,215,3223
2025-04-23,0,13,254,1256,35,215,3223
2025-04-24,0,9,267,1173,35,226,3225
2025-04-25,0,9,247,1144,36,216,3239
2025-04-26,0,9,247,1148,36,216,3239
2025-04-27,0,9,247,1145,36,216,3239
2025-04-28,0,9,247,1145,36,216,3238
2025-04-29,0,9,247,1145,36,216,3238
2025-04-30,0,9,251,1154,36,216,3236
2025-05-01,0,9,247,1145,36,216,3228
2025-05-02,0,9,247,1145,36,216,3228
2025-05-03,0,9,251,1154,36,216,3227
2025-05-04,0,9,251,1154,36,216,3227
2025-05-05,0,9,251,1154,36,216,3227
2025-05-06,0,9,251,1154,36,216,3227
2025-05-07,0,9,251,1154,36,216,3227
2025-05-08,0,9,251,1154,36,216,3227
2025-05-09,0,9,248,1146,36,235,3230
2025-05-10,0,9,248,1146,36,235,3230
2025-05-11,0,9,248,1154,36,234,3230
2025-05-12,0,9,251,1163,36,234,3227
2025-05-13,0,9,251,1163,36,234,3227
2025-05-14,0,15,251,1236,35,264,3219
2025-05-15,0,13,256,1235,35,272,3214
2025-05-16,0,14,256,1228,35,286,3213
2025-05-17,0,10,263,1180,34,237,3203
2025-05-18,0,9,228,916,36,238,3235
2025-05-19,0,8,268,1176,35,238,3204
2025-05-20,0,9,271,1183,35,244,3199
2025-05-21,0,8,270,1205,35,227,3205
2025-05-22,0,8,279,1232,35,240,3202
2025-05-23,0,8,272,1250,36,241,3206
2025-05-24,0,8,273,1259,36,242,3207
2025-05-25,0,9,282,1230,35,238,3201
2025-05-26,0,10,269,1194,36,245,3201
2025-05-27,0,9,273,1184,35,297,3199
2025-05-28,0,8,271,1185,35,238,3198
2025-05-29,0,8,277,1266,36,225,3198
2025-05-30,0,8,227,853,36,240,3231
2025-05-31,0,8,257,1201,36,273,3198
2025-06-01,0,9,268,1153,36,221,3199
2025-06-02,0,8,258,1175,36,227,3201
2025-06-03,0,8,227,759,36,240,3233
2025-06-04,0,8,254,1176,36,250,3220
2025-06-05,0,8,258,1172,36,234,3265
2025-06-06,0,8,226,706,36,240,3300
2025-06-07,0,8,225,839,36,227,3299
2025-06-08,0,8,226,822,36,240,3299
2025-06-09,0,8,226,832,36,240,3299
2025-06-10,0,9,240,1056,36,241,3282
2025-06-11,0,9,247,1057,36,240,3274
2025-06-12,0,8,226,800,36,240,3299
2025-06-13,0,9,246,1049,36,240,3275
2025-06-14,0,8,239,870,36,240,3278
2025-06-15,0,9,243,939,36,240,3275
2025-06-16,0,9,253,1175,36,240,3265
2025-06-17,0,9,244,1041,36,259,3274
2025-06-18,0,9,245,1045,36,297,3274
2025-06-19,0,9,246,1088,36,240,3274
2025-06-20,0,9,246,1127,36,240,3275
2025-06-21,0,9,245,1095,36,223,3276
2025-06-22,0,9,259,1175,36,247,3272
2025-06-23,0,9,260,1192,36,254,3273
2025-06-24,0,10,267,1151,36,346,3264
2025-06-25,0,9,253,1078,36,241,3281
2025-06-26,0,9,251,1059,36,241,3283
2025-06-27,0,9,251,1124,36,241,3284
2025-06-28,0,9,258,1178,36,241,3276
2025-06-29,0,9,258,1178,36,241,3264
2025-06-30,0,9,258,1178,36,241,3264
2025-07-01,0,9,258,1178,36,241,3264
2025-07-02,0,9,258,1178,36,286,3264
2025-07-03,0,9,258,1179,36,259,3263
2025-07-04,0,9,258,1181,36,259,3263
2025-07-05,0,9,258,1182,36,259,3263
2025-07-06,0,9,257,1185,36,243,3262
2025-07-07,0,9,257,1185,36,243,3262
2025-07-08,0,9,257,1185,36,243,3261
2025-07-09,0,9,256,1179,36,244,3261
2025-07-10,0,9,256,1184,36,245,3261
2025-07-11,0,9,256,1184,36,245,3261
2025-07-12,0,9,256,1183,36,245,3262
2025-07-13,0,9,256,1183,36,245,3262
2025-07-14,0,9,256,1183,36,245,3262
2025-07-15,0,9,256,1183,36,245,3262
2025-07-16,0,9,256,1186,36,244,3323
2025-07-17,0,9,256,1186,36,244,3323
2025-07-18,0,9,256,1186,36,245,3269
2025-07-19,0,9,256,1187,36,245,3269
2025-07-20,0,9,256,1188,36,245,3234
2025-07-21,0,9,256,1188,36,245,3234
2025-07-22,0,9,256,1188,36,245,3267
2025-07-23,0,9,256,1186,36,245,3267
2025-07-24,0,9,257,1186,36,249,3277
2025-07-25,0,9,257,1186,36,249,3277
2025-07-26,0,9,257,1191,36,250,3276
2025-07-27,0,9,257,1191,36,250,3276
2025-07-28,0,9,257,1191,36,250,3276
2025-07-29,0,9,257,1190,36,250,3276
2025-07-30,0,9,258,1190,36,250,3275
2025-07-31,0,8,273,1294,35,250,3273
2025-08-01,0,9,259,1195,36,250,3264
2025-08-02,0,9,259,1195,36,250,3286
2025-08-03,0,9,259,1197,36,251,3300
2025-08-04,0,9,281,1226,36,250,3290
2025-08-05,0,11,263,1260,36,251,3289
2025-08-06,0,10,269,1187,34,250,3302
2025-08-07,0,8,272,1202,35,250,3303
2025-08-08,0,7,300,1366,46,303,2870
2025-08-09,0,8,274,1234,35,262,3293
2025-08-10,0,8,278,1324,36,242,3296
2025-08-11,0,9,272,1296,36,236,3297
2025-08-12,0,9,275,1230,36,242,3292
2025-08-13,0,9,282,1252,36,236,3260
2025-08-14,0,9,275,1168,36,263,3260
2025-08-15,0,8,264,1147,36,236,3261
2025-08-16,0,10,255,1163,36,332,3261
2025-08-17,0,8,271,1284,36,241,3266
2025-08-18,0,9,280,1231,36,240,3260
2025-08-19,0,9,279,1214,36,243,3261
2025-08-20,0,9,287,1226,36,244,3256
2025-08-21,0,9,287,1226,36,244,3257
2025-08-22,0,9,270,1175,36,235,3244
2025-08-23,0,9,245,1035,36,256,3256
2025-08-24,0,8,253,1231,36,270,3249
2025-08-25,0,8,260,1165,36,278,3242
2025-08-26,0,8,249,1161,36,287,3250
2025-08-27,0,8,253,1660,36,259,3256
2025-08-28,0,8,255,1705,36,258,3275
2025-08-29,0,8,255,1703,36,263,3277
2025-08-30,0,8,255,1693,36,255,3277
2025-08-31,0,8,255,1692,36,255,3277
2025-09-01,0,8,251,1737,36,255,3283
2025-09-02,0,8,249,1663,36,255,3286
2025-09-03,0,8,251,1616,36,255,3283
2025-09-04,0,9,253,1401,36,243,3277
2025-09-05,0,9,276,1501,36,245,3270
2025-09-06,0,9,266,1613,36,254,3262
2025-09-07,0,8,265,1552,36,254,3265
2025-09-08,0,8,258,1562,36,254,3265
2025-09-09,0,11,269,1512,36,278,3263
2025-09-10,0,8,249,1531,36,254,3273
2025-09-11,0,8,259,1539,36,239,3271
2025-09-12,0,10,250,1524,36,288,3281
2025-09-13,0,9,260,1493,36,251,3270
2025-09-14,0,9,256,1504,36,267,3276
2025-09-15,0,9,258,1576,36,255,3275
2025-09-16,0,9,256,1511,36,267,3276
2025-09-17,0,9,244,1121,36,255,3286
2025-09-18,0,8,230,812,36,255,3303
2025-09-19,0,8,248,1538,36,235,3274
2025-09-20,0,9,260,1156,36,294,3267
2025-09-21,0,8,247,1513,36,284,3283
2025-09-22,0,10,248,1534,36,278,3281
2025-09-23,0,9,254,1490,36,256,3278
2025-09-24,0,8,235,1059,36,243,3300
2025-09-25,0,8,230,789,36,256,3310
2025-09-26,0,8,232,861,36,259,3310
2025-09-27,0,8,230,792,36,259,3330
2025-09-28,0,8,230,815,36,259,3333
2025-09-29,0,8,230,784,36,257,3333
2025-09-30,0,10,264,1530,36,268,3296
2025-10-01,0,8,233,840,36,259,3349
2025-10-02,0,8,232,877,36,259,3331
2025-10-03,0,8,233,869,36,259,3330
2025-10-04,0,8,230,681,36,259,3327
2025-10-05,0,8,238,898,36,259,3319
2025-10-06,0,8,236,779,36,259,3319
2025-10-07,0,9,238,926,36,259,3317
2025-10-08,0,9,249,1480,36,259,3303
2025-10-09,0,9,245,1134,36,262,3349
2025-10-10,0,9,249,1499,36,262,3346
2025-10-11,0,9,250,1383,36,262,3352
2025-10-12,0,9,250,1396,36,262,3311
2025-10-13,0,9,249,1625,36,262,3312
2025-10-14,0,9,250,1614,36,262,3311
2025-10-15,0,9,243,1628,36,250,3318
2025-10-16,0,8,252,1720,36,265,3312
2025-10-17,0,9,246,1618,36,265,3315
2025-10-18,0,9,247,1304,36,265,3313
2025-10-19,0,9,249,1480,36,265,3312
2025-10-20,0,9,246,1291,36,265,3307
2025-10-21,0,8,244,1521,36,265,3256
2025-10-22,0,7,246,1762,36,261,3258
2025-10-23,0,7,246,1741,36,250,3258
2025-10-24,0,7,249,1731,36,261,3255
2025-10-25,0,7,249,1730,36,261,3258
2025-10-26,0,7,249,1730,36,261,3258
2025-10-27,0,7,249,1729,36,263,3258
2025-10-28,0,7,249,1733,36,264,3258
2025-10-29,0,8,245,1589,36,261,3259
2025-10-30,0,7,249,1734,36,264,3257
2025-10-31,0,8,244,1504,36,264,3257
2025-11-01,0,8,244,1456,36,266,3258
2025-11-02,0,7,245,1768,36,266,3261
2025-11-03,0,7,244,1718,36,257,3262
2025-11-04,0,7,244,1720,36,257,3262
2025-11-05,0,7,247,1735,36,266,3256
2025-11-06,0,7,247,1735,36,266,3256
2025-11-07,0,7,247,1735,36,266,3256
2025-11-08,0,7,247,1730,36,272,3256
2025-11-09,0,7,247,1731,36,273,3256
2025-11-10,0,7,247,1731,36,273,3256
2025-11-11,0,7,247,1730,36,281,3256
2025-11-12,0,7,229,941,36,274,3273
2025-11-13,0,7,228,939,36,275,3274
2025-11-14,0,8,235,984,36,275,3265
2025-11-15,0,8,234,1082,36,275,3264
2025-11-16,0,8,244,1357,36,268,3252
2025-11-17,0,7,227,890,36,276,3271
2025-11-18,0,7,225,681,36,276,3270
2025-11-19,0,7,243,1488,36,306,3255
2025-11-20,0,7,242,1506,36,317,3255
2025-11-21,0,7,242,1478,36,320,3255
2025-11-22,0,8,249,1492,36,305,3265
2025-11-23,0,7,238,1370,36,310,3279
2025-11-24,0,7,241,1484,36,319,3275
2025-11-25,0,7,241,1484,36,319,3275
2025-11-26,0,7,241,1476,36,319,3275
2025-11-27,0,7,241,1473,36,317,3274
2025-11-28,0,7,241,1473,36,317,3274
2025-11-29,0,7,241,1473,36,317,3274
2025-11-30,0,7,241,1473,36,320,3274
2025-12-01,0,7,241,1473,36,320,3274
2025-12-02,0,7,241,1473,36,320,3274
2025-12-03,0,7,241,1473,36,320,3274
2025-12-04,0,7,241,1472,36,322,3276
2025-12-05,0,8,243,1283,36,322,3273
2025-12-06,0,7,244,1609,36,322,3275
2025-12-07,0,7,244,1607,36,323,3275
2025-12-08,0,7,244,1607,36,323,3275
2025-12-09,0,7,244,1607,36,323,3275
2025-12-10,0,7,244,1609,36,323,3282
2025-12-11,0,7,244,1609,36,323,3280
2025-12-12,0,7,245,1612,36,323,3279
2025-12-13,0,7,245,1612,36,323,3279
2025-12-14,0,7,245,1612,36,323,3279
2025-12-15,0,7,245,1612,36,323,3284
2025-12-16,0,7,245,1612,36,323,3283
2025-12-17,0,7,245,1611,36,323,3283
2025-12-18,0,7,246,1610,36,323,3285
2025-12-19,0,7,246,1611,36,323,3285
2025-12-20,0,7,247,1610,36,323,3286
2025-12-21,0,7,247,1608,36,322,3286
2025-12-22,0,7,248,1601,36,333,3285
2025-12-23,0,7,247,1602,36,323,3286
2025-12-24,0,7,247,1591,36,323,3286
2025-12-25,0,7,248,1595,36,322,3285
2025-12-26,0,7,251,1600,36,322,3282
2025-12-27,0,7,251,1596,36,322,3282
2025-12-28,0,7,251,1595,36,322,3282
2025-12-29,0,7,251,1595,36,322,3282
2025-12-30,0,7,251,1595,36,322,3282
2025-12-31,0,7,252,1647,36,322,3279
2026-01-01,0,7,251,1595,36,322,3282
2026-01-02,0,7,251,1595,36,322,3282
2026-01-03,0,7,251,1595,36,322,3282
2026-01-04,0,7,251,1595,36,322,3282
2026-01-05,0,7,251,1595,36,322,3282
2026-01-06,0,7,251,1594,36,322,3283
2026-01-07,0,7,251,1594,36,322,3283
2026-01-08,0,7,251,1593,36,322,3283
2026-01-09,0,7,250,1598,36,323,3284
2026-01-10,0,7,250,1598,36,323,3284
2026-01-11,0,7,250,1598,36,323,3284
2026-01-12,0,7,250,1598,36,323,3284
2026-01-13,0,7,250,1583,36,323,3284
2026-01-14,0,7,251,1583,36,323,3283
2026-01-15,0,7,248,1624,36,304,3286
2026-01-16,0,7,243,1568,36,323,3291
2026-01-17,0,7,246,1509,36,310,3289
2026-01-18,0,7,252,1553,36,323,3282
2026-01-19,0,7,251,1577,36,324,3283
2026-01-20,0,7,251,1577,36,324,3283
2026-01-21,0,7,251,1577,36,324,3284
2026-01-22,0,8,271,1937,36,443,3252
2026-01-23,0,8,257,1513,36,443,3267
2026-01-24,0,8,271,1841,36,443,3252
2026-01-25,0,8,271,1933,36,443,3252
2026-01-26,0,8,271,1941,36,442,3252
2026-01-27,0,8,271,1941,36,442,3252
2026-01-28,0,8,271,1946,36,442,3252
2026-01-29,0,8,271,1946,36,441,3252
2026-01-30,0,8,271,1945,36,442,3252
2026-01-31,0,8,271,1945,36,442,3252
2026-02-01,0,8,271,1946,36,442,3253
2026-02-02,0,8,271,1946,36,442,3253
2026-02-03,0,8,271,1946,36,442,3253
2026-02-04,0,8,271,1946,36,442,3253
2026-02-05,0,8,271,1952,36,442,3253
2026-02-06,0,8,271,1952,36,442,3253
2026-02-07,0,8,271,1956,36,443,3258
2026-02-08,0,8,269,1956,36,445,3254
2026-02-09,0,8,269,1957,36,445,3253
2026-02-10,0,8,269,1957,36,445,3254
2026-02-11,0,8,269,1957,36,449,3254
2026-02-12,0,8,269,1951,36,449,3254
2026-02-13,0,8,269,1951,36,449,3254
2026-02-14,0,8,269,1932,36,450,3255
2026-02-15,0,8,268,1809,36,449,3252
2026-02-16,0,8,268,1808,36,449,3254
2026-02-17,0,8,268,1798,36,448,3255
2026-02-18,0,8,268,1798,36,442,3255
2026-02-19,0,8,268,1798,36,442,3258
2026-02-20,0,8,268,1798,36,442,3258
2026-02-21,0,8,269,1797,36,442,3258
2026-02-22,0,8,269,1797,36,439,3258
2026-02-23,0,8,269,1797,36,439,3258
2026-02-24,0,8,269,1797,36,439,3258
2026-02-25,0,8,269,1799,36,439,3259
2026-02-26,0,8,269,1811,35,438,3267
2026-02-27,0,8,303,2008,50,466,2755
2026-02-28,0,8,299,2030,50,469,2762
2026-03-01,0,8,299,2028,50,469,2758
2026-03-02,0,8,299,2027,50,469,2758
2026-03-03,0,8,300,2028,49,469,2758
2026-03-04,0,8,301,2028,49,469,2757
2026-03-05,0,8,301,2027,49,469,2757
2026-03-06,0,8,302,2029,49,469,2755
2026-03-07,0,8,302,2030,49,469,2754
2026-03-08,0,8,302,2028,49,469,2754
2026-03-09,0,8,302,2028,49,469,2754
2026-03-10,0,8,303,2028,49,469,2756
2026-03-11,0,8,303,2028,49,468,2756
2026-03-12,0,8,301,2033,49,467,2768
2026-03-13,0,8,300,2028,50,469,2770
2026-03-14,0,8,300,2040,50,498,2762
2026-03-15,0,8,297,2071,50,496,2765
2026-03-16,0,8,297,2071,50,496,2765
2026-03-17,0,8,297,2072,50,496,2764
2026-03-18,0,8,300,2073,50,496,2755
2026-03-19,0,8,305,2071,50,505,2755
2026-03-20,0,8,305,2071,50,505,2756
2026-03-21,0,8,304,2086,50,503,2753
2026-03-22,0,8,304,2087,50,503,2754
2026-03-23,0,8,304,2087,50,503,2754
2026-03-24,0,8,304,2090,50,502,2754
2026-03-25,0,8,304,2073,50,501,2749
2026-03-26,0,8,303,2075,50,502,2750
2026-03-27,0,8,304,2044,50,501,2750
2026-03-28,0,8,317,2038,50,492,2777
2026-03-29,0,10,320,2050,50,479,2769
2026-03-30,0,10,323,2060,50,478,2772
2026-03-31,0,7,326,1896,50,462,2771
2026-04-01,0,9,343,1853,50,567,2761
2026-04-02,0,14,352,1729,50,706,2759
2026-04-03,0,8,323,2048,50,495,2771
2026-04-04,0,15,303,880,50,560,2772
2026-04-05,0,15,305,915,50,560,2773
2026-04-06,0,15,308,894,50,580,2771
2026-04-07,0,15,309,1000,50,581,2771
2026-04-08,0,16,341,1558,49,599,2755
2026-04-09,0,16,344,1540,49,617,2755
2026-04-10,0,17,344,1507,49,572,2747
2026-04-11,0,16,345,1484,49,570,2755
2026-04-12,0,15,305,865,49,571,2775
2026-04-13,0,15,305,959,49,560,2777
2026-04-14,0,15,304,884,49,559,2776
2026-04-15,0,15,304,959,49,556,2782
2026-04-16,0,16,302,890,49,562,2780
2026-04-17,0,8,322,2053,49,492,2777
2026-04-18,0,8,322,2053,49,492,2777
2026-04-19,0,8,328,2055,49,493,2772
2026-04-20,0,8,329,2060,49,491,2781
2026-04-21,0,8,329,2063,49,491,2786
2026-04-22,0,8,330,2066,49,491,2786
2026-04-23,0,8,330,2066,49,491,2786
2026-04-24,0,8,330,2066,49,488,2785
2026-04-25,0,8,326,2081,49,487,2790
2026-04-26,0,14,357,1902,47,841,2779
2026-04-27,0,13,357,1793,46,764,2784
2026-04-28,0,19,366,1549,46,543,2778
2026-04-29,0,17,348,1417,48,469,2787
2026-04-30,0,17,343,1490,49,572,2774
2026-05-01,0,15,317,958,49,545,2788
2026-05-02,0,8,331,2092,49,486,2791
2026-05-03,0,15,311,908,49,549,2787
2026-05-04,0,15,310,910,49,551,2787
2026-05-05,0,15,309,987,49,554,2787
2026-05-06,0,8,327,2092,49,488,2791
2026-05-07,0,8,303,1401,49,482,2810
